ROUTE,FLOW
000001,A-flow
000002,A-flow
000003,A-flow
000004,A-flow
000012,A-flow
000021,A-flow
000034,A-flow
000043,A-flow
010002,A-flow
010006,A-flow
01AE00,A-flow
01AF00,A-flow
01DG02,A-flow
02AE00,A-flow
02AF00,A-flow
02MIES,A-flow
02MIFC,A-flow
030002,A-flow
03AE00,A-flow
03DG02,A-flow
04AE00,A-flow
04BF00,A-flow
04DE00,A-flow
050002,A-flow
050004,A-flow
050006,A-flow
05DE00,A-flow
05DG02,A-flow
05DG04,A-flow
070002,A-flow
07DG02,A-flow
090002,A-flow
09DG02,A-flow
1096NA,A-flow
1097NA,A-flow
1098NA,A-flow
1099NA,A-flow
10M470,A-flow
10M473,A-flow
10M493,A-flow
10MF93,A-flow
10MK40,A-flow
10ML40,A-flow
10ML73,A-flow
10ML83,A-flow
10MN20,A-flow
10MN40,A-flow
10MN53,A-flow
10MO53,A-flow
10MP73,A-flow
10MP93,A-flow
10MQ53,A-flow
10MQ93,A-flow
10MR53,A-flow
10MS53,A-flow
10MT40,A-flow
10MT53,A-flow
10MT73,A-flow
10MT83,A-flow
10MW53,A-flow
10MX53,A-flow
10N553,A-flow
10N653,A-flow
10N753,A-flow
10NQ83,A-flow
10OP40,A-flow
10OQ40,A-flow
10OR40,A-flow
10OR83,A-flow
10OS30,A-flow
10OT43,A-flow
10OV43,A-flow
10OZ43,A-flow
10OZ93,A-flow
10P-43,A-flow
10P-53,A-flow
10P.43,A-flow
10P.53,A-flow
10P253,A-flow
10P353,A-flow
10Q160,A-flow
10Q163,A-flow
10Q173,A-flow
10Q180,A-flow
10Q193,A-flow
10Q460,A-flow
10Q463,A-flow
10Q480,A-flow
10Q493,A-flow
10Q560,A-flow
10Q620,A-flow
10Q640,A-flow
10Q643,A-flow
10Q653,A-flow
10Q663,A-flow
10Q673,A-flow
10Q683,A-flow
10Q740,A-flow
10Q753,A-flow
10Q760,A-flow
10Q763,A-flow
10Q773,A-flow
10Q780,A-flow
10Q783,A-flow
10Q853,A-flow
10Q860,A-flow
10Q863,A-flow
10Q873,A-flow
10Q880,A-flow
10Q893,A-flow
10QA43,A-flow
10QA50,A-flow
10QA53,A-flow
10QA63,A-flow
10QA93,A-flow
10QB43,A-flow
10QC43,A-flow
10QD43,A-flow
10QG10,A-flow
10QH43,A-flow
10QH53,A-flow
10QI43,A-flow
10QI53,A-flow
10QJ00,A-flow
10QJ10,A-flow
10QV33,A-flow
10QV40,A-flow
10QV60,A-flow
10QY53,A-flow
10QY63,A-flow
10QZ53,A-flow
10QZ63,A-flow
10RW40,A-flow
10S700,A-flow
10S710,A-flow
10S830,A-flow
10S840,A-flow
10S940,A-flow
10S943,A-flow
10SP43,A-flow
10SP53,A-flow
10SQ43,A-flow
10SQ53,A-flow
11MA73,A-flow
11MF73,A-flow
11MI73,A-flow
11ML73,A-flow
11Q273,A-flow
11Q360,A-flow
11Q373,A-flow
11Q460,A-flow
11Q463,A-flow
11Q473,A-flow
11Q673,A-flow
11Q860,A-flow
11Q863,A-flow
11Q873,A-flow
11QZ63,A-flow
12LI53,A-flow
12Q043,A-flow
12Q050,A-flow
12Q053,A-flow
12Q060,A-flow
12Q143,A-flow
12Q150,A-flow
12Q153,A-flow
12Q160,A-flow
12Q243,A-flow
12Q250,A-flow
12Q253,A-flow
12Q260,A-flow
12Q443,A-flow
12Q450,A-flow
12Q453,A-flow
12Q460,A-flow
12Q543,A-flow
12Q550,A-flow
12Q553,A-flow
12Q560,A-flow
12Q860,A-flow
12QK53,A-flow
12QK60,A-flow
12QL53,A-flow
12QL60,A-flow
12QM43,A-flow
12QM50,A-flow
12QM53,A-flow
12QM60,A-flow
12QO43,A-flow
12QO50,A-flow
12QO53,A-flow
12QO60,A-flow
12QU60,A-flow
12RT23,A-flow
13MV73,A-flow
13QF60,A-flow
13QF63,A-flow
13QG60,A-flow
13QN53,A-flow
13RQ30,A-flow
13RS30,A-flow
14PN43,A-flow
14PO43,A-flow
14PQ43,A-flow
14QF43,A-flow
14QF50,A-flow
14QF53,A-flow
14QZ53,A-flow
15M063,A-flow
15M163,A-flow
15M260,A-flow
15M463,A-flow
15M563,A-flow
15M600,A-flow
15M863,A-flow
15MF63,A-flow
15MQ63,A-flow
15MV63,A-flow
15MY63,A-flow
15N063,A-flow
15Q063,A-flow
15Q163,A-flow
15Q263,A-flow
15Q463,A-flow
15Q963,A-flow
15QA63,A-flow
15QK63,A-flow
15QL63,A-flow
15QP63,A-flow
15QQ63,A-flow
15RD00,A-flow
15RD53,A-flow
15RE00,A-flow
15RE10,A-flow
15RF00,A-flow
15RF10,A-flow
15RG00,A-flow
15RH00,A-flow
15RH43,A-flow
15RI00,A-flow
15RI43,A-flow
15RJ00,A-flow
15RK00,A-flow
15RK43,A-flow
15RL00,A-flow
15RL43,A-flow
15RM00,A-flow
15RN00,A-flow
16M373,A-flow
16MA73,A-flow
16MF73,A-flow
16MJ70,A-flow
16N070,A-flow
16Q160,A-flow
16Q163,A-flow
16Q173,A-flow
16Q273,A-flow
16Q373,A-flow
16Q460,A-flow
16Q463,A-flow
16Q473,A-flow
16Q663,A-flow
16Q673,A-flow
16Q773,A-flow
16Q860,A-flow
16Q863,A-flow
16Q873,A-flow
16Q963,A-flow
16Q973,A-flow
16QF70,A-flow
16QQ70,A-flow
16QY53,A-flow
16QZ53,A-flow
17LT53,A-flow
17LU53,A-flow
17QC60,A-flow
17QC83,A-flow
17QC93,A-flow
17QF22,A-flow
17QF60,A-flow
17QF83,A-flow
17QF93,A-flow
17QH53,A-flow
17QV53,A-flow
18N160,A-flow
18N190,A-flow
18OO93,A-flow
18OU60,A-flow
18QG90,A-flow
19Q100,A-flow
19Q160,A-flow
19Q170,A-flow
19Q200,A-flow
19Q400,A-flow
19Q800,A-flow
2096NA,A-flow
2097NA,A-flow
2098NA,A-flow
2099NA,A-flow
20KD40,A-flow
20KE40,A-flow
20KF40,A-flow
20KQ40,A-flow
20KT40,A-flow
20KU40,A-flow
20MN50,A-flow
20MN53,A-flow
20MO53,A-flow
20MO63,A-flow
20MO70,A-flow
20Q060,A-flow
20Q063,A-flow
20Q080,A-flow
20Q100,A-flow
20Q153,A-flow
20Q163,A-flow
20Q170,A-flow
20Q180,A-flow
20Q190,A-flow
20Q260,A-flow
20Q263,A-flow
20Q280,A-flow
20Q400,A-flow
20Q453,A-flow
20Q463,A-flow
20Q470,A-flow
20Q480,A-flow
20Q490,A-flow
20Q600,A-flow
20Q603,A-flow
20Q610,A-flow
20Q623,A-flow
20Q640,A-flow
20Q643,A-flow
20Q653,A-flow
20Q663,A-flow
20Q670,A-flow
20Q680,A-flow
20Q683,A-flow
20Q723,A-flow
20Q753,A-flow
20Q763,A-flow
20Q770,A-flow
20Q800,A-flow
20Q840,A-flow
20Q843,A-flow
20Q853,A-flow
20Q863,A-flow
20Q870,A-flow
20Q873,A-flow
20Q880,A-flow
20Q890,A-flow
20Q893,A-flow
20Q963,A-flow
20Q980,A-flow
20QA53,A-flow
20QA63,A-flow
20QA90,A-flow
20QC63,A-flow
20QC80,A-flow
20QD63,A-flow
20QD80,A-flow
20QF53,A-flow
20QG00,A-flow
20QH23,A-flow
20QH43,A-flow
20QH53,A-flow
20QH63,A-flow
20QH80,A-flow
20QI33,A-flow
20QI53,A-flow
20QI63,A-flow
20QI70,A-flow
20QI80,A-flow
20QI90,A-flow
20QJ00,A-flow
20QJ10,A-flow
20QK63,A-flow
20QK80,A-flow
20QL63,A-flow
20QL80,A-flow
20QO63,A-flow
20QO80,A-flow
20QU53,A-flow
20QU63,A-flow
20QU80,A-flow
20QU90,A-flow
20QX33,A-flow
20QX53,A-flow
20QX63,A-flow
20QX80,A-flow
20QY33,A-flow
20QY53,A-flow
20QY63,A-flow
20QY80,A-flow
20QY90,A-flow
20QZ33,A-flow
20QZ53,A-flow
20QZ63,A-flow
20QZ70,A-flow
20QZ80,A-flow
20QZ90,A-flow
20RA23,A-flow
20RA43,A-flow
20RA90,A-flow
20RO63,A-flow
20RO90,A-flow
20RO93,A-flow
20RP43,A-flow
20RP50,A-flow
20RP70,A-flow
20RV63,A-flow
20S700,A-flow
20SF30,A-flow
20SR03,A-flow
20SR10,A-flow
20SR23,A-flow
20SS10,A-flow
20SS23,A-flow
20SS43,A-flow
20ST43,A-flow
20ST90,A-flow
21K130,A-flow
21QG00,A-flow
21QV33,A-flow
21SF43,A-flow
22KA80,A-flow
22SD43,A-flow
23K260,A-flow
23KX60,A-flow
23KY60,A-flow
23L060,A-flow
23L760,A-flow
23L860,A-flow
23LW53,A-flow
23LW63,A-flow
23LW83,A-flow
23QC00,A-flow
23QC53,A-flow
23QC70,A-flow
23QS53,A-flow
23QS63,A-flow
23RD00,A-flow
23RE00,A-flow
23RF00,A-flow
23RG00,A-flow
23RH00,A-flow
23RI00,A-flow
23RJ00,A-flow
23RK00,A-flow
23RL00,A-flow
23RM00,A-flow
23RN00,A-flow
23RU53,A-flow
23RU63,A-flow
24NU43,A-flow
25KN60,A-flow
25KR60,A-flow
25KS60,A-flow
25KZ60,A-flow
25L160,A-flow
25L360,A-flow
26NA00,A-flow
26NC00,A-flow
26P130,A-flow
27KD40,A-flow
27MH70,A-flow
27N870,A-flow
27N970,A-flow
27NK30,A-flow
27OI70,A-flow
27P580,A-flow
27P590,A-flow
27P800,A-flow
27P980,A-flow
27PB90,A-flow
27PD60,A-flow
27PU00,A-flow
28KG30,A-flow
28ND23,A-flow
28NL23,A-flow
28NL30,A-flow
28NM43,A-flow
28NN43,A-flow
28NP30,A-flow
28NZ43,A-flow
28PC40,A-flow
28PJ30,A-flow
28PP23,A-flow
28Q130,A-flow
28Q230,A-flow
28Q440,A-flow
29KJ43,A-flow
29NS30,A-flow
2ANR43,A-flow
2BNT43,A-flow
2CNV43,A-flow
2DNW43,A-flow
2ENX43,A-flow
2FNY43,A-flow
2GMG43,A-flow
2_DAYS,A-flow
30QS53,A-flow
30RD53,A-flow
30RU53,A-flow
317551,A-flow
317569,A-flow
317585,A-flow
31K940,A-flow
31LO43,A-flow
31PF63,A-flow
31QS40,A-flow
31QS53,A-flow
31RU40,A-flow
31RU53,A-flow
335185,A-flow
33LR23,A-flow
33QE00,A-flow
33QS00,A-flow
33QS23,A-flow
33RU23,A-flow
33RU50,A-flow
34K433,A-flow
34K533,A-flow
34QS00,A-flow
34QS80,A-flow
34RU80,A-flow
35K610,A-flow
35QE00,A-flow
35QE53,A-flow
35QS00,A-flow
35QS53,A-flow
35QT53,A-flow
35RU53,A-flow
36K000,A-flow
36QE53,A-flow
36QT43,A-flow
36QT53,A-flow
36RU53,A-flow
38NJ43,A-flow
39Q100,A-flow
39Q400,A-flow
39Q800,A-flow
39QS53,A-flow
39RD00,A-flow
39RE00,A-flow
39RF00,A-flow
39RG00,A-flow
39RH00,A-flow
39RI00,A-flow
39RJ00,A-flow
39RK00,A-flow
39RL00,A-flow
39RM00,A-flow
39RN00,A-flow
39RX00,A-flow
3MDS63,A-flow
3_DAYS,A-flow
40PA93,A-flow
40PH00,A-flow
40PK00,A-flow
40PP00,A-flow
40PR00,A-flow
41PP00,A-flow
41PP10,A-flow
41PP93,A-flow
42LV00,A-flow
42LV10,A-flow
42ON00,A-flow
42ON10,A-flow
42PE00,A-flow
42QR00,A-flow
42QR90,A-flow
42QR93,A-flow
42R800,A-flow
42R850,A-flow
42S710,A-flow
42SZ00,A-flow
42SZ50,A-flow
43S623,A-flow
44D300,A-flow
44D400,A-flow
44LP00,A-flow
44LP90,A-flow
44LP93,A-flow
44OL00,A-flow
44OL50,A-flow
44Q300,A-flow
45S043,A-flow
46K433,A-flow
46K533,A-flow
46LD43,A-flow
47LH00,A-flow
47R420,A-flow
47S123,A-flow
47S130,A-flow
47S143,A-flow
47S220,A-flow
47S223,A-flow
47S230,A-flow
47S240,A-flow
47S283,A-flow
47S303,A-flow
47S323,A-flow
47S330,A-flow
47S443,A-flow
47S523,A-flow
47S643,A-flow
48SK43,A-flow
48SL43,A-flow
49OE43,A-flow
49R243,A-flow
49SJ43,A-flow
4LVPS,A-flow
4_DAYS,A-flow
50LL00,A-flow
50QW43,A-flow
50R130,A-flow
50R320,A-flow
50R420,A-flow
50R523,A-flow
50S220,A-flow
50S223,A-flow
50S230,A-flow
50SN30,A-flow
51SW43,A-flow
51SX43,A-flow
51SY43,A-flow
53N200,A-flow
53SO23,A-flow
53SO43,A-flow
53SO50,A-flow
54N300,A-flow
54QF70,A-flow
55K130,A-flow
55N400,A-flow
56R223,A-flow
56SU43,A-flow
57SV43,A-flow
58NG43,A-flow
59NH43,A-flow
59NI43,A-flow
59PG60,A-flow
59PI60,A-flow
59SE43,A-flow
5ANQ43,A-flow
5BO143,A-flow
5CO343,A-flow
5DO543,A-flow
5DO643,A-flow
5EO743,A-flow
5HOC43,A-flow
5JOG43,A-flow
5JOH43,A-flow
5KOJ43,A-flow
5LP043,A-flow
5_DAYS,A-flow
60NA00,A-flow
60NC00,A-flow
60NO43,A-flow
60SG30,A-flow
61SH43,A-flow
62SI43,A-flow
63QJ00,A-flow
64QE00,A-flow
64QS00,A-flow
65QJ00,A-flow
65QR00,A-flow
66KV40,A-flow
66O200,A-flow
66O440,A-flow
66O840,A-flow
66O940,A-flow
66Q110,A-flow
66Q120,A-flow
66Q160,A-flow
66Q410,A-flow
66Q420,A-flow
66Q460,A-flow
66Q810,A-flow
66Q820,A-flow
66Q860,A-flow
66QJ10,A-flow
66QJ20,A-flow
66QJ60,A-flow
66QO10,A-flow
66QO20,A-flow
66QO60,A-flow
67R043,A-flow
68Q050,A-flow
68Q060,A-flow
68Q150,A-flow
68Q160,A-flow
68Q250,A-flow
68Q260,A-flow
68Q350,A-flow
68Q360,A-flow
68Q450,A-flow
68Q460,A-flow
68Q550,A-flow
68Q560,A-flow
68Q850,A-flow
68Q860,A-flow
68QH50,A-flow
68QH60,A-flow
68QI50,A-flow
68QI60,A-flow
68QJ50,A-flow
68QJ60,A-flow
68QS50,A-flow
68QS60,A-flow
68QX50,A-flow
68QX60,A-flow
68QY50,A-flow
68QY60,A-flow
68QZ50,A-flow
68QZ60,A-flow
68RE50,A-flow
68RE60,A-flow
6_DAYS,A-flow
77LS40,A-flow
77LX40,A-flow
77LY00,A-flow
77LZ40,A-flow
77OA40,A-flow
77Q160,A-flow
77Q460,A-flow
77Q860,A-flow
77QJ60,A-flow
77QO60,A-flow
7_DAYS,A-flow
80MD90,A-flow
80ME90,A-flow
80MO53,A-flow
80Q180,A-flow
80Q190,A-flow
80Q460,A-flow
80Q480,A-flow
80Q490,A-flow
80Q680,A-flow
80Q690,A-flow
80Q860,A-flow
80Q880,A-flow
80Q890,A-flow
80QI43,A-flow
80QI53,A-flow
83Q160,A-flow
83Q163,A-flow
83Q170,A-flow
83QA63,A-flow
83QA70,A-flow
83QL70,A-flow
AAEFLT,A-flow
AAEPOB,A-flow
ABC2HR,A-flow
ABC4HR,A-flow
ABCDAR,A-flow
ABCDRT,A-flow
ABCM09,A-flow
ABCNFO,A-flow
ABCRET,A-flow
ABCTSF,A-flow
ADPLTL,A-flow
AERLTL,A-flow
AGNIAU,A-flow
AGNSTC,A-flow
AGNSTS,A-flow
AGSLTL,A-flow
AGST2D,A-flow
AGST3D,A-flow
AGSTAM,A-flow
AGSTEA,A-flow
AGSTGD,A-flow
AGSTSO,A-flow
AGTEMP,A-flow
AIR067,A-flow
ALCARG,A-flow
ALDDOM,A-flow
ALDINT,A-flow
ALTQ00,A-flow
ALTU0Z,A-flow
ALX053,A-flow
ANAF0Y,A-flow
ANAK0Y,A-flow
ANAO0G,A-flow
ANAO0Q,A-flow
ANAO0U,A-flow
ANAO0Y,A-flow
ANDAIR,A-flow
ANDR09,A-flow
ANDR12,A-flow
ANDRHO,A-flow
ANDRNA,A-flow
ANFM0Y,A-flow
ANGD0Y,A-flow
ANGM0Y,A-flow
ANGO0Y,A-flow
ANLD0Z,A-flow
ANLM0Z,A-flow
ANLU0Z,A-flow
ANTD0Z,A-flow
ANTM0Z,A-flow
ANTU0Z,A-flow
APEXXP,A-flow
APOLLO,A-flow
APPLTL,A-flow
AQUAGT,A-flow
ARAK0Y,A-flow
ARAO0G,A-flow
ARAO0Q,A-flow
ARAO0U,A-flow
ARGDT1,A-flow
ARGUR1,A-flow
ARGUR2,A-flow
ARGUR3,A-flow
ARIEL1,A-flow
ARNOR1,A-flow
ARNOR2,A-flow
ARNOR3,A-flow
ARNOR4,A-flow
ARNOR5,A-flow
ARNOR6,A-flow
ARRPAC,A-flow
ASFORW,A-flow
ASNAIR,A-flow
ASNLND,A-flow
ASNMIS,A-flow
ATAO0Y,A-flow
ATGU0Y,A-flow
ATSLPF,A-flow
ATSLRF,A-flow
ATSLTL,A-flow
ATSP01,A-flow
ATSPPF,A-flow
ATSPRF,A-flow
AU10AM,A-flow
AU12PM,A-flow
AU9AM,A-flow
AUAFOH,A-flow
AUCUR1,A-flow
AUCUR2,A-flow
AUCUR3,A-flow
AUGQ00,A-flow
AUGT00,A-flow
AUPCRR,A-flow
AUPEXP,A-flow
AUPOST,A-flow
AUTDOM,A-flow
AUTINT,A-flow
AVIAD1,A-flow
AVIRAM,A-flow
AVRLTL,A-flow
AVRTXP,A-flow
AWCFTL,A-flow
BAR001,A-flow
BAX052,A-flow
BDAO0Y,A-flow
BDGU0Y,A-flow
BERINT,A-flow
BESTWO,A-flow
BEXADO,A-flow
BEXGDO,A-flow
BIGGXP,A-flow
BIGLTL,A-flow
BIO001,A-flow
BIO002,A-flow
BLU059,A-flow
BMGQ0V,A-flow
BMGQ0W,A-flow
BOBLDR,A-flow
BOFU00,A-flow
BOFUX0,A-flow
BOMADN,A-flow
BOMADO,A-flow
BOMGDN,A-flow
BOMGDO,A-flow
BOMGDR,A-flow
BOMGDS,A-flow
BOOU00,A-flow
BOOUX0,A-flow
BR_AIR,A-flow
BR_COR,A-flow
BR_RD,A-flow
BTGOEY,A-flow
CANCEL,A-flow
CAR055,A-flow
CARDFL,A-flow
CARDHI,A-flow
CARIBE,A-flow
CARINT,A-flow
CEV2D5,A-flow
CEVA01,A-flow
CEVA12,A-flow
CEVA13,A-flow
CEVA5P,A-flow
CEVAIO,A-flow
CEVAIR,A-flow
CEVANZ,A-flow
CEVEXP,A-flow
CEVGIO,A-flow
CEVKAI,A-flow
CEVOIO,A-flow
CEVSEA,A-flow
CEVSTD,A-flow
CEVVIP,A-flow
CEVVPP,A-flow
CGGO0Z,A-flow
CHEADO,A-flow
CHEGDO,A-flow
CHMFRT,A-flow
CHNSTD,A-flow
CHNTOP,A-flow
CHNURG,A-flow
CHRBIN,A-flow
CHROBI,A-flow
CHTQ00,A-flow
CHTU0Z,A-flow
CLASAI,A-flow
CLKLTL,A-flow
CLKP01,A-flow
CNAIR,A-flow
CNRAIL,A-flow
CNROAD,A-flow
CNROIN,A-flow
COLOCA,A-flow
CONACI,A-flow
COPESF,A-flow
CORPTL,A-flow
COURGE,A-flow
CPLQ00,A-flow
CRAMTR,A-flow
CRANEW,A-flow
CRECAR,A-flow
CRGOAM,A-flow
CRNITL,A-flow
CROBTL,A-flow
CRSTCO,A-flow
CRSTTL,A-flow
CRWINT,A-flow
CRWOIO,A-flow
CRXA01,A-flow
CRYEXP,A-flow
CSTU0Z,A-flow
CTTQ00,A-flow
CTTQ0Z,A-flow
CTTR0Z,A-flow
CTTU0Z,A-flow
CUSTRT,A-flow
CVAL0Z,A-flow
CVFL0Z,A-flow
CVFO0Y,A-flow
CVFO0Z,A-flow
CVFU00,A-flow
CVFU02,A-flow
CVFUC1,A-flow
CVFUC2,A-flow
CVFUC3,A-flow
CVFUX0,A-flow
CVFUX2,A-flow
CVFZ0Z,A-flow
CVHO0Z,A-flow
CVLA0Y,A-flow
CVLD0Y,A-flow
CVLF0Y,A-flow
CVLN0Z,A-flow
CVLU00,A-flow
CVLUC1,A-flow
CVLUX0,A-flow
CVOU00,A-flow
CVOU0Z,A-flow
CVOUC1,A-flow
CVOUX0,A-flow
CVPO0Z,A-flow
CVTU00,A-flow
CWOU0Z,A-flow
CWWAIO,A-flow
DANNYH,A-flow
DARLTL,A-flow
DAVITL,A-flow
DAYFRT,A-flow
DAYNRO,A-flow
DBFU00,A-flow
DBFU0Z,A-flow
DBSCHK,A-flow
DCPLTL,A-flow
DEL05B,A-flow
DFGO0Z,A-flow
DFGODZ,A-flow
DFLU00,A-flow
DFLUC1,A-flow
DFLUX0,A-flow
DGFAIR,A-flow
DGFLBX,A-flow
DGFLBZ,A-flow
DGFLXC,A-flow
DGFRDF,A-flow
DGFSEA,A-flow
DGFU00,A-flow
DGFU02,A-flow
DGFU0Z,A-flow
DGFUBX,A-flow
DGFUBZ,A-flow
DGFUC1,A-flow
DGFUC2,A-flow
DGFUC3,A-flow
DGFUX0,A-flow
DGFUX2,A-flow
DGFUXC,A-flow
DGFV0Z,A-flow
DGFVXZ,A-flow
DGGU0Z,A-flow
DGHAZM,A-flow
DGOU00,A-flow
DGOU0Z,A-flow
DGOUC1,A-flow
DGOUX0,A-flow
DHAA0Y,A-flow
DHAB0Z,A-flow
DHAD0Z,A-flow
DHADX0,A-flow
DHAF0Z,A-flow
DHAF6Z,A-flow
DHAL0Z,A-flow
DHAO0Y,A-flow
DHAP00,A-flow
DHAP06,A-flow
DHAPX0,A-flow
DHAV0Z,A-flow
DHCU00,A-flow
DHFL0Z,A-flow
DHFO00,A-flow
DHFO0Z,A-flow
DHFP00,A-flow
DHFU00,A-flow
DHGFDZ,A-flow
DHGO0Z,A-flow
DHGO6Z,A-flow
DHGODZ,A-flow
DHGU0Y,A-flow
DHHO0Z,A-flow
DHL001,A-flow
DHLA0Y,A-flow
DHLAAH,A-flow
DHLAEU,A-flow
DHLAIO,A-flow
DHLAIR,A-flow
DHLAPR,A-flow
DHLAST,A-flow
DHLD0Y,A-flow
DHLD0Z,A-flow
DHLDED,A-flow
DHLDOM,A-flow
DHLDRP,A-flow
DHLE9A,A-flow
DHLEDG,A-flow
DHLEEX,A-flow
DHLEXA,A-flow
DHLEXP,A-flow
DHLGDO,A-flow
DHLGDR,A-flow
DHLGDU,A-flow
DHLGFA,A-flow
DHLGFO,A-flow
DHLGIO,A-flow
DHLI0Z,A-flow
DHLINT,A-flow
DHLISL,A-flow
DHLIT2,A-flow
DHLITD,A-flow
DHLJ0Z,A-flow
DHLK0Z,A-flow
DHLM0Y,A-flow
DHLNEU,A-flow
DHLO00,A-flow
DHLOIN,A-flow
DHLOIO,A-flow
DHLOVN,A-flow
DHLPLT,A-flow
DHLR00,A-flow
DHLRBK,A-flow
DHLRCT,A-flow
DHLRET,A-flow
DHLRPC,A-flow
DHLTSF,A-flow
DHLTZY,A-flow
DHLU00,A-flow
DHLU0Y,A-flow
DHLUX0,A-flow
DHOU0Z,A-flow
DHPO0Z,A-flow
DICOMX,A-flow
DIRDRV,A-flow
DKAD0Y,A-flow
DKAF0Y,A-flow
DKGD0Y,A-flow
DKGF0Y,A-flow
DKSHAM,A-flow
DKSHPM,A-flow
DNSTAI,A-flow
DOINTL,A-flow
DORLND,A-flow
DPHIXP,A-flow
DPHLTL,A-flow
DRGNRC,A-flow
DRPPNT,A-flow
DRVFMI,A-flow
DRVMSD,A-flow
DRVREP,A-flow
DSGNTR,A-flow
DSLU00,A-flow
DSLUC1,A-flow
DSLUX0,A-flow
DSTN0Z,A-flow
DSTU00,A-flow
DSVAIR,A-flow
DSVLTL,A-flow
DSVSEA,A-flow
DTGO0Z,A-flow
DUR120,A-flow
DUR144,A-flow
DUR168,A-flow
DUR192,A-flow
DUR24H,A-flow
DUR48H,A-flow
DUR72H,A-flow
DUR96H,A-flow
E1Q440,A-flow
E1Q443,A-flow
E1Q453,A-flow
E1Q483,A-flow
E1Q493,A-flow
E1Q513,A-flow
E1Q540,A-flow
E1Q553,A-flow
E1Q583,A-flow
E1Q593,A-flow
E1Q813,A-flow
E1Q840,A-flow
E1Q853,A-flow
E1Q883,A-flow
E1Q893,A-flow
E2P250,A-flow
E2P263,A-flow
E2P280,A-flow
E2P293,A-flow
E2P310,A-flow
E2P313,A-flow
E2P363,A-flow
E2P393,A-flow
E2Q450,A-flow
E2Q463,A-flow
E2Q480,A-flow
E2Q493,A-flow
E2Q510,A-flow
E2Q513,A-flow
E2Q563,A-flow
E2Q593,A-flow
E2Q810,A-flow
E2Q813,A-flow
E2Q863,A-flow
E2Q893,A-flow
E3P250,A-flow
E3P263,A-flow
E3P280,A-flow
E3P293,A-flow
E3P310,A-flow
E3P313,A-flow
E3P363,A-flow
E3P393,A-flow
E3Q450,A-flow
E3Q463,A-flow
E3Q480,A-flow
E3Q493,A-flow
E3Q510,A-flow
E3Q513,A-flow
E3Q563,A-flow
E3Q593,A-flow
E3Q810,A-flow
E3Q813,A-flow
E3Q863,A-flow
E3Q893,A-flow
E4P240,A-flow
E4P250,A-flow
E4P253,A-flow
E4P293,A-flow
E4P340,A-flow
E4P353,A-flow
E4P393,A-flow
E4Q440,A-flow
E4Q443,A-flow
E4Q450,A-flow
E4Q453,A-flow
E4Q493,A-flow
E4Q513,A-flow
E4Q540,A-flow
E4Q553,A-flow
E4Q593,A-flow
E4Q813,A-flow
E4Q840,A-flow
E4Q853,A-flow
E4Q893,A-flow
E5Q440,A-flow
E5Q443,A-flow
E5Q453,A-flow
E5Q493,A-flow
E5Q513,A-flow
E5Q540,A-flow
E5Q553,A-flow
E5Q593,A-flow
E5Q813,A-flow
E5Q840,A-flow
E5Q853,A-flow
E5Q893,A-flow
ECONOO,A-flow
EG99NA,A-flow
EGL001,A-flow
EGL002,A-flow
EGL003,A-flow
EGNINT,A-flow
EGQ640,A-flow
EKLU00,A-flow
EKLUC1,A-flow
EKLUX0,A-flow
EKTU00,A-flow
EMERGE,A-flow
EMOTRN,A-flow
EMY051,A-flow
ESTEXP,A-flow
ESTQ00,A-flow
ESTU0Z,A-flow
ETLU0Z,A-flow
EXAP00,A-flow
EXAPX0,A-flow
EXAU00,A-flow
EXAUX0,A-flow
EXFP00,A-flow
EXFPX0,A-flow
EXFU00,A-flow
EXFUX0,A-flow
EXL001,A-flow
EXLU00,A-flow
EXLUX0,A-flow
EXOU00,A-flow
EXOUX0,A-flow
EXP001,A-flow
EXPAIN,A-flow
EXPEDO,A-flow
EXPEDT,A-flow
EXPRLN,A-flow
EXTU00,A-flow
EXTUX0,A-flow
FCABIZ,A-flow
FCACIZ,A-flow
FCASIZ,A-flow
FDUPIN,A-flow
FDX020,A-flow
FDX022,A-flow
FDX023,A-flow
FDX026,A-flow
FDX027,A-flow
FDX028,A-flow
FDX029,A-flow
FDX02B,A-flow
FDX02C,A-flow
FDX033,A-flow
FDX034,A-flow
FDX035,A-flow
FDX036,A-flow
FDX037,A-flow
FDX038,A-flow
FDX039,A-flow
FDX040,A-flow
FDX041,A-flow
FDX042,A-flow
FDXC07,A-flow
FDXC08,A-flow
FDXCEF,A-flow
FDXCPF,A-flow
FDXD24,A-flow
FDXDOM,A-flow
FDXE24,A-flow
FDXE36,A-flow
FDXEXP,A-flow
FDXFR1,A-flow
FDXFR2,A-flow
FDXFR4,A-flow
FDXFR5,A-flow
FDXFR6,A-flow
FDXFRP,A-flow
FDXIEC,A-flow
FDXIEF,A-flow
FDXIPF,A-flow
FDXIPR,A-flow
FDXL20,A-flow
FDXL21,A-flow
FDXL22,A-flow
FDXL23,A-flow
FDXL24,A-flow
FDXL25,A-flow
FDXL27,A-flow
FDXL28,A-flow
FDXL29,A-flow
FDXLR1,A-flow
FDXLR2,A-flow
FDXLR3,A-flow
FDXLR4,A-flow
FDXLR5,A-flow
FDXLR6,A-flow
FDXLR7,A-flow
FDXLT1,A-flow
FDXRT1,A-flow
FDXRT2,A-flow
FDXRT3,A-flow
FDXRT4,A-flow
FDXRT5,A-flow
FDXRT6,A-flow
FDXRT7,A-flow
FDXSCS,A-flow
FEDAIO,A-flow
FELHER,A-flow
FIACAR,A-flow
FLGGDI,A-flow
FLGGDO,A-flow
FLGGDR,A-flow
FLGINR,A-flow
FLIGHT,A-flow
FLYCAR,A-flow
FWD050,A-flow
FXAB0B,A-flow
FXABLB,A-flow
FXAC0B,A-flow
FXACLB,A-flow
FXAD0B,A-flow
FXADLB,A-flow
FXAF0B,A-flow
FXAG0B,A-flow
FXAL00,A-flow
FXAL0Z,A-flow
FXALIZ,A-flow
FXAO00,A-flow
FXAO0Z,A-flow
FXAOIZ,A-flow
FXAP00,A-flow
FXAPX0,A-flow
FXAS0B,A-flow
FXASIZ,A-flow
FXFI0Z,A-flow
FXFJ0Z,A-flow
FXFK0Z,A-flow
FXFL00,A-flow
FXFL0Z,A-flow
FXFO00,A-flow
FXFO0Z,A-flow
FXFOLZ,A-flow
FXFP00,A-flow
FXFPX0,A-flow
FXFQ0Z,A-flow
FXFU00,A-flow
FXFU02,A-flow
FXFUC2,A-flow
FXFUC3,A-flow
FXFUX0,A-flow
FXFUX2,A-flow
FXGQ0B,A-flow
FXGQ0Z,A-flow
FXGU0Z,A-flow
FXLL0Z,A-flow
FXLQ0Z,A-flow
FXLU0Z,A-flow
GAVAAI,A-flow
GBTGRP,A-flow
GEMLTL,A-flow
GEMP01,A-flow
GEO056,A-flow
GISGDS,A-flow
GLBCDA,A-flow
GNAD00,A-flow
GNGDKT,A-flow
GNLU00,A-flow
GOGD0Z,A-flow
GOGD1Z,A-flow
GOGO0Z,A-flow
GOGO1Z,A-flow
GOGOPZ,A-flow
GOGOQZ,A-flow
GOLU00,A-flow
GOLUX0,A-flow
GOTU00,A-flow
GULITR,A-flow
GULLTL,A-flow
HANKAI,A-flow
HAPAGL,A-flow
HELAIR,A-flow
HELINT,A-flow
HELSEA,A-flow
HMNTNL,A-flow
HTFRWH,A-flow
HUBITM,A-flow
ICATTL,A-flow
IDI1SD,A-flow
IDI2EM,A-flow
IDI3EX,A-flow
IDI4EM,A-flow
IDI5SD,A-flow
ILGNRC,A-flow
ILYANG,A-flow
INTL86,A-flow
INTL87,A-flow
INTRNL,A-flow
INTTRN,A-flow
IRGNRC,A-flow
JACINC,A-flow
JACLTL,A-flow
JBHFTL,A-flow
JBHISH,A-flow
JBHUNT,A-flow
JBTQ00,A-flow
JBTU0Z,A-flow
JC0000,A-flow
JC1800,A-flow
JC2030,A-flow
JDD000,A-flow
JDE000,A-flow
JDI000,A-flow
JETLOC,A-flow
JFRATE,A-flow
JG2000,A-flow
JK2100,A-flow
JL2030,A-flow
JN0000,A-flow
JN1800,A-flow
JN2030,A-flow
JS0000,A-flow
JS1430,A-flow
JS1500,A-flow
JS1630,A-flow
JS1640,A-flow
JS1700,A-flow
JS1730,A-flow
JS1740,A-flow
JS1900,A-flow
JS1930,A-flow
JS2000,A-flow
JT0000,A-flow
JT1430,A-flow
JT1500,A-flow
JT1630,A-flow
JT1640,A-flow
JT1700,A-flow
JT1730,A-flow
JT1740,A-flow
JT1900,A-flow
JT1930,A-flow
JT2000,A-flow
JU0000,A-flow
JU1731,A-flow
JU1732,A-flow
JU1733,A-flow
JW1800,A-flow
JY0000,A-flow
JY1430,A-flow
JY1500,A-flow
JY1700,A-flow
JY1730,A-flow
JY1800,A-flow
JY1900,A-flow
JY1930,A-flow
JY2000,A-flow
JY2030,A-flow
JY2130,A-flow
JYC000,A-flow
JYD100,A-flow
JYD200,A-flow
JZ0000,A-flow
JZ1430,A-flow
JZ1500,A-flow
JZ1700,A-flow
JZ1730,A-flow
JZ1800,A-flow
JZ1830,A-flow
JZ1900,A-flow
JZ1930,A-flow
JZ2000,A-flow
JZ2030,A-flow
KANAIR,A-flow
KANSEA,A-flow
KCHKTR,A-flow
KDSCAR,A-flow
KESWTR,A-flow
KHANA3,A-flow
KHANA5,A-flow
KHANAI,A-flow
KHANOI,A-flow
KIN054,A-flow
KINTAI,A-flow
KLNEOI,A-flow
KNAL0Z,A-flow
KNAU0Z,A-flow
KNCC00,A-flow
KNCD00,A-flow
KNCM01,A-flow
KNCM02,A-flow
KNCM0A,A-flow
KNCM0H,A-flow
KNCM0J,A-flow
KNCM0K,A-flow
KNCM0L,A-flow
KNCM0M,A-flow
KNCM0N,A-flow
KNCM0P,A-flow
KNFK0Z,A-flow
KNFL0Z,A-flow
KNFO00,A-flow
KNFO0Z,A-flow
KNFORZ,A-flow
KNFU00,A-flow
KNFU02,A-flow
KNFUC1,A-flow
KNFUC2,A-flow
KNFUC3,A-flow
KNFUX0,A-flow
KNFUX2,A-flow
KNFUXC,A-flow
KNHO0Z,A-flow
KNLU00,A-flow
KNLU0Z,A-flow
KNLUX0,A-flow
KNNAIO,A-flow
KNNGIO,A-flow
KNNOIO,A-flow
KNOU00,A-flow
KNOU0Z,A-flow
KNOUC1,A-flow
KNOURZ,A-flow
KNOUX0,A-flow
KNPO0Z,A-flow
KNRU00,A-flow
KNRUX0,A-flow
KNTQ00,A-flow
KNTU00,A-flow
KNTU0Z,A-flow
KSAAIR,A-flow
KSASEA,A-flow
KSLU00,A-flow
KUANOL,A-flow
KUEHNE,A-flow
LFXMSD,A-flow
LFXREP,A-flow
LIPATL,A-flow
LTL066,A-flow
LUPMSD,A-flow
LUPREP,A-flow
MAGAIR,A-flow
MAGN01,A-flow
MAGO00,A-flow
MAGOCE,A-flow
MAHAIR,A-flow
MAINFR,A-flow
MALU00,A-flow
MALUX0,A-flow
MARKEN,A-flow
MATQ00,A-flow
MATU00,A-flow
MATU0Z,A-flow
MAURWO,A-flow
MCAFTL,A-flow
MCTR0Z,A-flow
MEDGDN,A-flow
MEDGDS,A-flow
MEYRTR,A-flow
MGAL0Z,A-flow
MGFJ0Z,A-flow
MGFL0Z,A-flow
MGFLXZ,A-flow
MGFO0Z,A-flow
MGFOXZ,A-flow
MGHO0Z,A-flow
MGOU0Z,A-flow
MHCM0Z,A-flow
MHCM1Z,A-flow
MHCM2Z,A-flow
MINGWA,A-flow
MIQALG,A-flow
MIQOLG,A-flow
MITAIR,A-flow
MITEXP,A-flow
MITGND,A-flow
MITVTR,A-flow
MKAA00,A-flow
MOHAWK,A-flow
MPHFTR,A-flow
MSOAIR,A-flow
MSOEXP,A-flow
MTROTR,A-flow
MTTU0Z,A-flow
MXGNRC,A-flow
MXTQ00,A-flow
MXTU0Z,A-flow
MYSEXP,A-flow
MYSKLV,A-flow
MYSOTS,A-flow
NAT057,A-flow
NATEXP,A-flow
NEMLTL,A-flow
NENGFR,A-flow
NET060,A-flow
NEXTDA,A-flow
NIPPAI,A-flow
NIPXPA,A-flow
NIPXPO,A-flow
NORMDN,A-flow
NOROUT,A-flow
NPFL0Z,A-flow
NPFO0Z,A-flow
NPFU00,A-flow
NPFU02,A-flow
NPFUC1,A-flow
NPFUC2,A-flow
NPFUC3,A-flow
NPFUX0,A-flow
NPFUX2,A-flow
NPHO0Z,A-flow
NPOU00,A-flow
NPOU0Z,A-flow
NPOUX0,A-flow
NTOVN,A-flow
OCN068,A-flow
ODFLEX,A-flow
ODFU0Z,A-flow
ODLU0Z,A-flow
ODOMI2,A-flow
ODOMIN,A-flow
ODOMTR,A-flow
OLIC,A-flow
OMNIFL,A-flow
ORIAN1,A-flow
OSAGDO,A-flow
OTHERX,A-flow
OUMGRD,A-flow
OVLDXP,A-flow
OVRNGT,A-flow
OVRWGT,A-flow
PANALP,A-flow
PANGIO,A-flow
PANOIO,A-flow
PANPAI,A-flow
PANT02,A-flow
PANTEX,A-flow
PHLAND,A-flow
PHMA2A,A-flow
PHMAIR,A-flow
PHMISC,A-flow
PHRUSH,A-flow
PHVA2A,A-flow
PHVAIR,A-flow
PLASCW,A-flow
PLTAFR,A-flow
POLSRW,A-flow
PRGNRC,A-flow
PROTRN,A-flow
PTIITR,A-flow
PTWBEX,A-flow
PULU00,A-flow
PULUC1,A-flow
PULUC2,A-flow
PULUX0,A-flow
PUR001,A-flow
PYLEDU,A-flow
QEFO0Z,A-flow
QWE001,A-flow
RAVFTL,A-flow
RAVNTR,A-flow
REGPRI,A-flow
REMIER,A-flow
ROADWY,A-flow
ROEFTL,A-flow
ROEHTR,A-flow
ROICST,A-flow
ROSSXP,A-flow
ROTU0Z,A-flow
ROUTNG,A-flow
ROUTNZ,A-flow
ROUTTR,A-flow
ROYALG,A-flow
RS0116,A-flow
RS0117,A-flow
RS0140,A-flow
RS99NA,A-flow
RSQ616,A-flow
RSQ640,A-flow
RSQ716,A-flow
RSQ740,A-flow
RSQ816,A-flow
RSQ840,A-flow
RSQJ16,A-flow
RSQJ40,A-flow
RTIU0Z,A-flow
RTLQ0Z,A-flow
RTLU0Z,A-flow
RTTQ00,A-flow
RTTQ0Z,A-flow
RTTR0Z,A-flow
RTTU0Z,A-flow
RU0200,A-flow
RU9900,A-flow
RUDG00,A-flow
RUQ600,A-flow
RUQ800,A-flow
RYLCGO,A-flow
SA0117,A-flow
SA99NA,A-flow
SALU0Z,A-flow
SAT617,A-flow
SAT717,A-flow
SAT817,A-flow
SATJ17,A-flow
SBRDMR,A-flow
SCANGL,A-flow
SCHEAI,A-flow
SDCRLG,A-flow
SDRFTL,A-flow
SDTQ00,A-flow
SDTQ0Z,A-flow
SDTU0Z,A-flow
SEAINT,A-flow
SEALIO,A-flow
SEKOLG,A-flow
SELFTL,A-flow
SELISH,A-flow
SENFTL,A-flow
SENGCO,A-flow
SENLTL,A-flow
SFTU0Z,A-flow
SGAH01,A-flow
SGAH02,A-flow
SGAH03,A-flow
SGAHW1,A-flow
SGAHW2,A-flow
SGAHW3,A-flow
SGDHLX,A-flow
SGEXAR,A-flow
SGEXOC,A-flow
SGEXP1,A-flow
SGEXP2,A-flow
SGEXRD,A-flow
SGFUX0,A-flow
SGHKEX,A-flow
SGINOF,A-flow
SGKNOP,A-flow
SGLUX0,A-flow
SGNAM1,A-flow
SGNAM2,A-flow
SGNDAM,A-flow
SGNDPM,A-flow
SGNPM1,A-flow
SGNPM2,A-flow
SGROAD,A-flow
SGSAM1,A-flow
SGSAM2,A-flow
SGSDAM,A-flow
SGSDPM,A-flow
SGSMPL,A-flow
SGSPM1,A-flow
SGSPM2,A-flow
SGXDAR,A-flow
SGXDOC,A-flow
SGXDRD,A-flow
SGXDRG,A-flow
SHAGDO,A-flow
SINAAM,A-flow
SINAIR,A-flow
SINEXP,A-flow
SINGND,A-flow
SINOCN,A-flow
SINPPM,A-flow
SINREG,A-flow
SML001,A-flow
SONBIN,A-flow
SPAH01,A-flow
SPAH02,A-flow
SPAH03,A-flow
SPAHW1,A-flow
SPAHW2,A-flow
SPAHW3,A-flow
SPAOH1,A-flow
SPAOH2,A-flow
SPAOHS,A-flow
SPAWE1,A-flow
SPAWE2,A-flow
SPCC00,A-flow
SPCD00,A-flow
SPCM00,A-flow
SPCM01,A-flow
SPCM02,A-flow
SPCM0A,A-flow
SPCM0H,A-flow
SPCM0J,A-flow
SPCM0K,A-flow
SPCM0L,A-flow
SPCM0M,A-flow
SPCM0N,A-flow
SPCM0P,A-flow
SPIORN,A-flow
SPURG1,A-flow
SPURG2,A-flow
SRNQ00,A-flow
SRTU0Z,A-flow
STAD00,A-flow
STANDR,A-flow
STEACT,A-flow
STEAPL,A-flow
STEART,A-flow
STENXF,A-flow
STER2D,A-flow
STER3D,A-flow
STER4D,A-flow
STER5D,A-flow
STERCT,A-flow
STERPL,A-flow
STERRT,A-flow
STESAT,A-flow
STESBY,A-flow
STESTC,A-flow
STGT00,A-flow
STOSYD,A-flow
STOVNT,A-flow
SUB60A,A-flow
SUMFTL,A-flow
SUPERI,A-flow
SWFTIN,A-flow
SWFTTR,A-flow
SWIFTL,A-flow
SWS061,A-flow
SYCM0D,A-flow
SYDCON,A-flow
SYDEXP,A-flow
SYDOUT,A-flow
SYDSTD,A-flow
SYDVIP,A-flow
T10208,A-flow
T10230,A-flow
T10270,A-flow
T199NA,A-flow
T1NK00,A-flow
T1NK08,A-flow
T1NK10,A-flow
T1NK13,A-flow
T1NK30,A-flow
T1NK40,A-flow
T1NK43,A-flow
T1NK50,A-flow
T1NK53,A-flow
T1NK60,A-flow
T1NK63,A-flow
T1NK70,A-flow
T1NK80,A-flow
T1NK83,A-flow
T1NK93,A-flow
T1NL08,A-flow
T1NL30,A-flow
T1NL40,A-flow
T1NL43,A-flow
T1NL50,A-flow
T1NL53,A-flow
T1NL60,A-flow
T1NL63,A-flow
T1NL70,A-flow
T1NL83,A-flow
T1NL93,A-flow
T1NM00,A-flow
T1NM08,A-flow
T1NM30,A-flow
T1NM40,A-flow
T1NM43,A-flow
T1NM50,A-flow
T1NM53,A-flow
T1NM60,A-flow
T1NM63,A-flow
T1NM70,A-flow
T1NM83,A-flow
T1NM93,A-flow
T1NN08,A-flow
T1NN10,A-flow
T1NN13,A-flow
T1NN30,A-flow
T1NN40,A-flow
T1NN43,A-flow
T1NN50,A-flow
T1NN53,A-flow
T1NN60,A-flow
T1NN63,A-flow
T1NN70,A-flow
T1NN83,A-flow
T1NN93,A-flow
T1NO08,A-flow
T1NO10,A-flow
T1NO13,A-flow
T1NO30,A-flow
T1NO40,A-flow
T1NO43,A-flow
T1NO50,A-flow
T1NO53,A-flow
T1NO60,A-flow
T1NO63,A-flow
T1NO70,A-flow
T1NO80,A-flow
T1NO83,A-flow
T1NO93,A-flow
T1NP08,A-flow
T1NP10,A-flow
T1NP13,A-flow
T1NP30,A-flow
T1NP40,A-flow
T1NP43,A-flow
T1NP50,A-flow
T1NP53,A-flow
T1NP60,A-flow
T1NP63,A-flow
T1NP70,A-flow
T1NP80,A-flow
T1NP83,A-flow
T1NP93,A-flow
T1NR08,A-flow
T1NR10,A-flow
T1NR13,A-flow
T1NR30,A-flow
T1NR40,A-flow
T1NR43,A-flow
T1NR50,A-flow
T1NR53,A-flow
T1NR60,A-flow
T1NR63,A-flow
T1NR70,A-flow
T1NR80,A-flow
T1NR83,A-flow
T1NR93,A-flow
T1P150,A-flow
T1P153,A-flow
T1P160,A-flow
T1P163,A-flow
T1P170,A-flow
T1P180,A-flow
T1P193,A-flow
T1P250,A-flow
T1P253,A-flow
T1P260,A-flow
T1P263,A-flow
T1P270,A-flow
T1P280,A-flow
T1P283,A-flow
T1P293,A-flow
T1P300,A-flow
T1P340,A-flow
T1P350,A-flow
T1P353,A-flow
T1P360,A-flow
T1P363,A-flow
T1P370,A-flow
T1P380,A-flow
T1P383,A-flow
T1P393,A-flow
T1P450,A-flow
T1P453,A-flow
T1P460,A-flow
T1P463,A-flow
T1P470,A-flow
T1P480,A-flow
T1P493,A-flow
T1Q008,A-flow
T1Q013,A-flow
T1Q030,A-flow
T1Q040,A-flow
T1Q043,A-flow
T1Q050,A-flow
T1Q053,A-flow
T1Q060,A-flow
T1Q063,A-flow
T1Q070,A-flow
T1Q080,A-flow
T1Q083,A-flow
T1Q093,A-flow
T1Q108,A-flow
T1Q113,A-flow
T1Q130,A-flow
T1Q140,A-flow
T1Q143,A-flow
T1Q150,A-flow
T1Q153,A-flow
T1Q160,A-flow
T1Q163,A-flow
T1Q170,A-flow
T1Q180,A-flow
T1Q183,A-flow
T1Q193,A-flow
T1Q208,A-flow
T1Q213,A-flow
T1Q230,A-flow
T1Q240,A-flow
T1Q243,A-flow
T1Q250,A-flow
T1Q253,A-flow
T1Q260,A-flow
T1Q263,A-flow
T1Q270,A-flow
T1Q280,A-flow
T1Q283,A-flow
T1Q293,A-flow
T1Q408,A-flow
T1Q413,A-flow
T1Q430,A-flow
T1Q440,A-flow
T1Q443,A-flow
T1Q450,A-flow
T1Q453,A-flow
T1Q460,A-flow
T1Q463,A-flow
T1Q470,A-flow
T1Q480,A-flow
T1Q483,A-flow
T1Q493,A-flow
T1Q500,A-flow
T1Q508,A-flow
T1Q530,A-flow
T1Q540,A-flow
T1Q543,A-flow
T1Q550,A-flow
T1Q553,A-flow
T1Q560,A-flow
T1Q563,A-flow
T1Q570,A-flow
T1Q580,A-flow
T1Q583,A-flow
T1Q593,A-flow
T1Q600,A-flow
T1Q608,A-flow
T1Q610,A-flow
T1Q613,A-flow
T1Q630,A-flow
T1Q640,A-flow
T1Q643,A-flow
T1Q650,A-flow
T1Q653,A-flow
T1Q660,A-flow
T1Q663,A-flow
T1Q670,A-flow
T1Q680,A-flow
T1Q683,A-flow
T1Q693,A-flow
T1Q740,A-flow
T1Q743,A-flow
T1Q753,A-flow
T1Q760,A-flow
T1Q770,A-flow
T1Q783,A-flow
T1Q793,A-flow
T1Q800,A-flow
T1Q808,A-flow
T1Q813,A-flow
T1Q830,A-flow
T1Q840,A-flow
T1Q843,A-flow
T1Q850,A-flow
T1Q853,A-flow
T1Q860,A-flow
T1Q863,A-flow
T1Q870,A-flow
T1Q880,A-flow
T1Q883,A-flow
T1Q893,A-flow
T1QC00,A-flow
T1QF00,A-flow
T1QF40,A-flow
T1QF43,A-flow
T1QF50,A-flow
T1QF53,A-flow
T1QF60,A-flow
T1QF63,A-flow
T1QF70,A-flow
T1QF83,A-flow
T1QF93,A-flow
T1QJ08,A-flow
T1QJ10,A-flow
T1QJ13,A-flow
T1QJ30,A-flow
T1QJ40,A-flow
T1QJ43,A-flow
T1QJ50,A-flow
T1QJ53,A-flow
T1QJ60,A-flow
T1QJ63,A-flow
T1QJ70,A-flow
T1QJ80,A-flow
T1QJ83,A-flow
T1QJ93,A-flow
T1QK08,A-flow
T1QK13,A-flow
T1QK30,A-flow
T1QK40,A-flow
T1QK43,A-flow
T1QK50,A-flow
T1QK53,A-flow
T1QK60,A-flow
T1QK63,A-flow
T1QK70,A-flow
T1QK83,A-flow
T1QK93,A-flow
T1QL08,A-flow
T1QL13,A-flow
T1QL30,A-flow
T1QL40,A-flow
T1QL43,A-flow
T1QL50,A-flow
T1QL53,A-flow
T1QL60,A-flow
T1QL63,A-flow
T1QL70,A-flow
T1QL83,A-flow
T1QL93,A-flow
T1QM08,A-flow
T1QM13,A-flow
T1QM30,A-flow
T1QM40,A-flow
T1QM43,A-flow
T1QM50,A-flow
T1QM53,A-flow
T1QM60,A-flow
T1QM63,A-flow
T1QM70,A-flow
T1QM83,A-flow
T1QM93,A-flow
T1QO08,A-flow
T1QO13,A-flow
T1QO30,A-flow
T1QO40,A-flow
T1QO43,A-flow
T1QO50,A-flow
T1QO53,A-flow
T1QO60,A-flow
T1QO63,A-flow
T1QO70,A-flow
T1QO83,A-flow
T1QO93,A-flow
T1QQ70,A-flow
T1QU08,A-flow
T1QU13,A-flow
T1QU30,A-flow
T1QU40,A-flow
T1QU43,A-flow
T1QU50,A-flow
T1QU53,A-flow
T1QU60,A-flow
T1QU63,A-flow
T1QU70,A-flow
T1QU80,A-flow
T1QU83,A-flow
T1QU93,A-flow
T1QY70,A-flow
T1QZ70,A-flow
T1RS10,A-flow
T1RS13,A-flow
T1RS50,A-flow
T1RS53,A-flow
T1RS60,A-flow
T1RS63,A-flow
T1RS93,A-flow
T1RT10,A-flow
T1RT13,A-flow
T1RT40,A-flow
T1RT50,A-flow
T1RT53,A-flow
T1RT60,A-flow
T1RT63,A-flow
T1RT93,A-flow
T1S100,A-flow
T1S108,A-flow
T1S111,A-flow
T1S130,A-flow
T1S140,A-flow
T1S143,A-flow
T1S150,A-flow
T1S153,A-flow
T1S160,A-flow
T1S163,A-flow
T1S170,A-flow
T1S180,A-flow
T1S183,A-flow
T1S193,A-flow
T1S260,A-flow
T1S600,A-flow
T1S608,A-flow
T1S610,A-flow
T1S611,A-flow
T1S613,A-flow
T1S630,A-flow
T1S640,A-flow
T1S643,A-flow
T1S650,A-flow
T1S653,A-flow
T1S660,A-flow
T1S663,A-flow
T1S670,A-flow
T1S680,A-flow
T1S683,A-flow
T1S693,A-flow
T1SZ00,A-flow
T299NA,A-flow
T2LM83,A-flow
T2NK10,A-flow
T2NK13,A-flow
T2NK33,A-flow
T2NK40,A-flow
T2NK50,A-flow
T2NK60,A-flow
T2NK63,A-flow
T2NK70,A-flow
T2NK80,A-flow
T2NK83,A-flow
T2NK90,A-flow
T2NK93,A-flow
T2NL33,A-flow
T2NL40,A-flow
T2NL43,A-flow
T2NL50,A-flow
T2NL60,A-flow
T2NL63,A-flow
T2NL70,A-flow
T2NL80,A-flow
T2NL83,A-flow
T2NL90,A-flow
T2NL93,A-flow
T2NM33,A-flow
T2NM40,A-flow
T2NM43,A-flow
T2NM50,A-flow
T2NM60,A-flow
T2NM63,A-flow
T2NM70,A-flow
T2NM80,A-flow
T2NM83,A-flow
T2NM90,A-flow
T2NM93,A-flow
T2NN10,A-flow
T2NN13,A-flow
T2NN33,A-flow
T2NN40,A-flow
T2NN43,A-flow
T2NN50,A-flow
T2NN60,A-flow
T2NN63,A-flow
T2NN70,A-flow
T2NN80,A-flow
T2NN83,A-flow
T2NN90,A-flow
T2NN93,A-flow
T2NO10,A-flow
T2NO13,A-flow
T2NO33,A-flow
T2NO40,A-flow
T2NO43,A-flow
T2NO50,A-flow
T2NO60,A-flow
T2NO63,A-flow
T2NO70,A-flow
T2NO80,A-flow
T2NO83,A-flow
T2NO90,A-flow
T2NO93,A-flow
T2NP10,A-flow
T2NP13,A-flow
T2NP33,A-flow
T2NP40,A-flow
T2NP50,A-flow
T2NP60,A-flow
T2NP63,A-flow
T2NP70,A-flow
T2NP80,A-flow
T2NP83,A-flow
T2NP90,A-flow
T2NP93,A-flow
T2NR10,A-flow
T2NR13,A-flow
T2NR33,A-flow
T2NR40,A-flow
T2NR50,A-flow
T2NR60,A-flow
T2NR63,A-flow
T2NR70,A-flow
T2NR80,A-flow
T2NR83,A-flow
T2NR90,A-flow
T2NR93,A-flow
T2P110,A-flow
T2P113,A-flow
T2P133,A-flow
T2P150,A-flow
T2P160,A-flow
T2P163,A-flow
T2P170,A-flow
T2P180,A-flow
T2P183,A-flow
T2P190,A-flow
T2P193,A-flow
T2P210,A-flow
T2P213,A-flow
T2P233,A-flow
T2P250,A-flow
T2P260,A-flow
T2P263,A-flow
T2P270,A-flow
T2P280,A-flow
T2P283,A-flow
T2P290,A-flow
T2P293,A-flow
T2P333,A-flow
T2P350,A-flow
T2P360,A-flow
T2P363,A-flow
T2P370,A-flow
T2P380,A-flow
T2P383,A-flow
T2P390,A-flow
T2P393,A-flow
T2P410,A-flow
T2P413,A-flow
T2P433,A-flow
T2P450,A-flow
T2P460,A-flow
T2P463,A-flow
T2P470,A-flow
T2P480,A-flow
T2P483,A-flow
T2P490,A-flow
T2P493,A-flow
T2Q010,A-flow
T2Q013,A-flow
T2Q033,A-flow
T2Q040,A-flow
T2Q050,A-flow
T2Q060,A-flow
T2Q063,A-flow
T2Q070,A-flow
T2Q080,A-flow
T2Q083,A-flow
T2Q090,A-flow
T2Q093,A-flow
T2Q110,A-flow
T2Q113,A-flow
T2Q133,A-flow
T2Q140,A-flow
T2Q150,A-flow
T2Q160,A-flow
T2Q163,A-flow
T2Q170,A-flow
T2Q180,A-flow
T2Q183,A-flow
T2Q190,A-flow
T2Q193,A-flow
T2Q210,A-flow
T2Q213,A-flow
T2Q233,A-flow
T2Q240,A-flow
T2Q250,A-flow
T2Q260,A-flow
T2Q263,A-flow
T2Q270,A-flow
T2Q280,A-flow
T2Q283,A-flow
T2Q290,A-flow
T2Q293,A-flow
T2Q410,A-flow
T2Q413,A-flow
T2Q433,A-flow
T2Q440,A-flow
T2Q450,A-flow
T2Q460,A-flow
T2Q463,A-flow
T2Q470,A-flow
T2Q480,A-flow
T2Q483,A-flow
T2Q490,A-flow
T2Q493,A-flow
T2Q533,A-flow
T2Q540,A-flow
T2Q550,A-flow
T2Q560,A-flow
T2Q563,A-flow
T2Q570,A-flow
T2Q580,A-flow
T2Q583,A-flow
T2Q590,A-flow
T2Q593,A-flow
T2Q610,A-flow
T2Q613,A-flow
T2Q633,A-flow
T2Q640,A-flow
T2Q650,A-flow
T2Q660,A-flow
T2Q663,A-flow
T2Q670,A-flow
T2Q680,A-flow
T2Q683,A-flow
T2Q690,A-flow
T2Q693,A-flow
T2Q733,A-flow
T2Q740,A-flow
T2Q750,A-flow
T2Q760,A-flow
T2Q770,A-flow
T2Q793,A-flow
T2Q810,A-flow
T2Q813,A-flow
T2Q833,A-flow
T2Q840,A-flow
T2Q850,A-flow
T2Q860,A-flow
T2Q863,A-flow
T2Q870,A-flow
T2Q880,A-flow
T2Q883,A-flow
T2Q890,A-flow
T2Q893,A-flow
T2QF33,A-flow
T2QF40,A-flow
T2QF50,A-flow
T2QF60,A-flow
T2QF63,A-flow
T2QF70,A-flow
T2QF80,A-flow
T2QF83,A-flow
T2QF90,A-flow
T2QF93,A-flow
T2QJ10,A-flow
T2QJ13,A-flow
T2QJ33,A-flow
T2QJ40,A-flow
T2QJ50,A-flow
T2QJ60,A-flow
T2QJ63,A-flow
T2QJ70,A-flow
T2QJ80,A-flow
T2QJ83,A-flow
T2QJ90,A-flow
T2QJ93,A-flow
T2QK10,A-flow
T2QK13,A-flow
T2QK33,A-flow
T2QK40,A-flow
T2QK50,A-flow
T2QK60,A-flow
T2QK63,A-flow
T2QK70,A-flow
T2QK80,A-flow
T2QK83,A-flow
T2QK90,A-flow
T2QK93,A-flow
T2QL10,A-flow
T2QL13,A-flow
T2QL33,A-flow
T2QL40,A-flow
T2QL50,A-flow
T2QL60,A-flow
T2QL63,A-flow
T2QL70,A-flow
T2QL80,A-flow
T2QL83,A-flow
T2QL90,A-flow
T2QL93,A-flow
T2QM10,A-flow
T2QM13,A-flow
T2QM33,A-flow
T2QM40,A-flow
T2QM50,A-flow
T2QM60,A-flow
T2QM63,A-flow
T2QM70,A-flow
T2QM80,A-flow
T2QM83,A-flow
T2QM90,A-flow
T2QM93,A-flow
T2QO10,A-flow
T2QO13,A-flow
T2QO33,A-flow
T2QO40,A-flow
T2QO50,A-flow
T2QO60,A-flow
T2QO63,A-flow
T2QO70,A-flow
T2QO80,A-flow
T2QO83,A-flow
T2QO90,A-flow
T2QO93,A-flow
T2QQ70,A-flow
T2QU10,A-flow
T2QU13,A-flow
T2QU33,A-flow
T2QU40,A-flow
T2QU50,A-flow
T2QU60,A-flow
T2QU63,A-flow
T2QU70,A-flow
T2QU80,A-flow
T2QU83,A-flow
T2QU90,A-flow
T2QU93,A-flow
T2QY70,A-flow
T2QZ70,A-flow
T2RS10,A-flow
T2RS13,A-flow
T2RS33,A-flow
T2RS50,A-flow
T2RS60,A-flow
T2RS93,A-flow
T2RT10,A-flow
T2RT13,A-flow
T2RT33,A-flow
T2RT50,A-flow
T2RT60,A-flow
T2RT93,A-flow
T2S133,A-flow
T2S140,A-flow
T2S143,A-flow
T2S150,A-flow
T2S160,A-flow
T2S163,A-flow
T2S170,A-flow
T2S180,A-flow
T2S183,A-flow
T2S190,A-flow
T2S193,A-flow
T2S610,A-flow
T2S613,A-flow
T2S633,A-flow
T2S640,A-flow
T2S643,A-flow
T2S650,A-flow
T2S660,A-flow
T2S663,A-flow
T2S670,A-flow
T2S680,A-flow
T2S683,A-flow
T2S690,A-flow
T2S693,A-flow
T2SZ00,A-flow
T30208,A-flow
T30230,A-flow
T30270,A-flow
T399NA,A-flow
T3LM83,A-flow
T3NK08,A-flow
T3NK10,A-flow
T3NK13,A-flow
T3NK30,A-flow
T3NK33,A-flow
T3NK40,A-flow
T3NK50,A-flow
T3NK60,A-flow
T3NK63,A-flow
T3NK70,A-flow
T3NK80,A-flow
T3NK83,A-flow
T3NK90,A-flow
T3NK93,A-flow
T3NL08,A-flow
T3NL30,A-flow
T3NL33,A-flow
T3NL40,A-flow
T3NL43,A-flow
T3NL50,A-flow
T3NL60,A-flow
T3NL63,A-flow
T3NL70,A-flow
T3NL80,A-flow
T3NL83,A-flow
T3NL90,A-flow
T3NL93,A-flow
T3NM08,A-flow
T3NM30,A-flow
T3NM33,A-flow
T3NM40,A-flow
T3NM43,A-flow
T3NM50,A-flow
T3NM60,A-flow
T3NM63,A-flow
T3NM70,A-flow
T3NM80,A-flow
T3NM83,A-flow
T3NM90,A-flow
T3NM93,A-flow
T3NN08,A-flow
T3NN10,A-flow
T3NN13,A-flow
T3NN30,A-flow
T3NN33,A-flow
T3NN40,A-flow
T3NN43,A-flow
T3NN50,A-flow
T3NN60,A-flow
T3NN63,A-flow
T3NN70,A-flow
T3NN80,A-flow
T3NN83,A-flow
T3NN90,A-flow
T3NN93,A-flow
T3NO08,A-flow
T3NO10,A-flow
T3NO13,A-flow
T3NO30,A-flow
T3NO33,A-flow
T3NO40,A-flow
T3NO43,A-flow
T3NO50,A-flow
T3NO60,A-flow
T3NO63,A-flow
T3NO70,A-flow
T3NO80,A-flow
T3NO83,A-flow
T3NO90,A-flow
T3NO93,A-flow
T3NP08,A-flow
T3NP10,A-flow
T3NP13,A-flow
T3NP30,A-flow
T3NP33,A-flow
T3NP40,A-flow
T3NP50,A-flow
T3NP60,A-flow
T3NP63,A-flow
T3NP70,A-flow
T3NP80,A-flow
T3NP83,A-flow
T3NP90,A-flow
T3NP93,A-flow
T3NR08,A-flow
T3NR10,A-flow
T3NR13,A-flow
T3NR30,A-flow
T3NR33,A-flow
T3NR40,A-flow
T3NR50,A-flow
T3NR60,A-flow
T3NR63,A-flow
T3NR70,A-flow
T3NR80,A-flow
T3NR83,A-flow
T3NR90,A-flow
T3NR93,A-flow
T3P110,A-flow
T3P113,A-flow
T3P133,A-flow
T3P150,A-flow
T3P160,A-flow
T3P163,A-flow
T3P170,A-flow
T3P180,A-flow
T3P183,A-flow
T3P190,A-flow
T3P193,A-flow
T3P210,A-flow
T3P213,A-flow
T3P233,A-flow
T3P250,A-flow
T3P260,A-flow
T3P263,A-flow
T3P270,A-flow
T3P280,A-flow
T3P283,A-flow
T3P290,A-flow
T3P293,A-flow
T3P333,A-flow
T3P350,A-flow
T3P360,A-flow
T3P363,A-flow
T3P370,A-flow
T3P380,A-flow
T3P383,A-flow
T3P390,A-flow
T3P393,A-flow
T3P410,A-flow
T3P413,A-flow
T3P433,A-flow
T3P450,A-flow
T3P460,A-flow
T3P463,A-flow
T3P470,A-flow
T3P480,A-flow
T3P483,A-flow
T3P490,A-flow
T3P493,A-flow
T3Q008,A-flow
T3Q010,A-flow
T3Q013,A-flow
T3Q030,A-flow
T3Q033,A-flow
T3Q040,A-flow
T3Q050,A-flow
T3Q060,A-flow
T3Q063,A-flow
T3Q070,A-flow
T3Q080,A-flow
T3Q083,A-flow
T3Q090,A-flow
T3Q093,A-flow
T3Q108,A-flow
T3Q110,A-flow
T3Q113,A-flow
T3Q130,A-flow
T3Q133,A-flow
T3Q140,A-flow
T3Q150,A-flow
T3Q160,A-flow
T3Q163,A-flow
T3Q170,A-flow
T3Q180,A-flow
T3Q183,A-flow
T3Q190,A-flow
T3Q193,A-flow
T3Q208,A-flow
T3Q210,A-flow
T3Q213,A-flow
T3Q230,A-flow
T3Q233,A-flow
T3Q240,A-flow
T3Q250,A-flow
T3Q260,A-flow
T3Q263,A-flow
T3Q270,A-flow
T3Q280,A-flow
T3Q283,A-flow
T3Q290,A-flow
T3Q293,A-flow
T3Q408,A-flow
T3Q410,A-flow
T3Q413,A-flow
T3Q430,A-flow
T3Q433,A-flow
T3Q440,A-flow
T3Q450,A-flow
T3Q460,A-flow
T3Q463,A-flow
T3Q470,A-flow
T3Q480,A-flow
T3Q483,A-flow
T3Q490,A-flow
T3Q493,A-flow
T3Q508,A-flow
T3Q530,A-flow
T3Q533,A-flow
T3Q540,A-flow
T3Q550,A-flow
T3Q560,A-flow
T3Q563,A-flow
T3Q570,A-flow
T3Q580,A-flow
T3Q583,A-flow
T3Q590,A-flow
T3Q593,A-flow
T3Q608,A-flow
T3Q610,A-flow
T3Q613,A-flow
T3Q630,A-flow
T3Q633,A-flow
T3Q640,A-flow
T3Q650,A-flow
T3Q660,A-flow
T3Q663,A-flow
T3Q670,A-flow
T3Q680,A-flow
T3Q683,A-flow
T3Q690,A-flow
T3Q693,A-flow
T3Q733,A-flow
T3Q740,A-flow
T3Q750,A-flow
T3Q760,A-flow
T3Q770,A-flow
T3Q793,A-flow
T3Q808,A-flow
T3Q810,A-flow
T3Q813,A-flow
T3Q830,A-flow
T3Q833,A-flow
T3Q840,A-flow
T3Q850,A-flow
T3Q860,A-flow
T3Q863,A-flow
T3Q870,A-flow
T3Q880,A-flow
T3Q883,A-flow
T3Q890,A-flow
T3Q893,A-flow
T3QF33,A-flow
T3QF40,A-flow
T3QF50,A-flow
T3QF60,A-flow
T3QF63,A-flow
T3QF70,A-flow
T3QF80,A-flow
T3QF83,A-flow
T3QF90,A-flow
T3QF93,A-flow
T3QJ08,A-flow
T3QJ10,A-flow
T3QJ13,A-flow
T3QJ30,A-flow
T3QJ33,A-flow
T3QJ40,A-flow
T3QJ50,A-flow
T3QJ60,A-flow
T3QJ63,A-flow
T3QJ70,A-flow
T3QJ80,A-flow
T3QJ83,A-flow
T3QJ90,A-flow
T3QJ93,A-flow
T3QK08,A-flow
T3QK10,A-flow
T3QK13,A-flow
T3QK30,A-flow
T3QK33,A-flow
T3QK40,A-flow
T3QK50,A-flow
T3QK60,A-flow
T3QK63,A-flow
T3QK70,A-flow
T3QK80,A-flow
T3QK83,A-flow
T3QK90,A-flow
T3QK93,A-flow
T3QL08,A-flow
T3QL10,A-flow
T3QL13,A-flow
T3QL30,A-flow
T3QL33,A-flow
T3QL40,A-flow
T3QL50,A-flow
T3QL60,A-flow
T3QL63,A-flow
T3QL70,A-flow
T3QL80,A-flow
T3QL83,A-flow
T3QL90,A-flow
T3QL93,A-flow
T3QM08,A-flow
T3QM10,A-flow
T3QM13,A-flow
T3QM30,A-flow
T3QM33,A-flow
T3QM40,A-flow
T3QM50,A-flow
T3QM60,A-flow
T3QM63,A-flow
T3QM70,A-flow
T3QM80,A-flow
T3QM83,A-flow
T3QM90,A-flow
T3QM93,A-flow
T3QO08,A-flow
T3QO10,A-flow
T3QO13,A-flow
T3QO30,A-flow
T3QO33,A-flow
T3QO40,A-flow
T3QO50,A-flow
T3QO60,A-flow
T3QO63,A-flow
T3QO70,A-flow
T3QO80,A-flow
T3QO83,A-flow
T3QO90,A-flow
T3QO93,A-flow
T3QQ70,A-flow
T3QU08,A-flow
T3QU10,A-flow
T3QU13,A-flow
T3QU30,A-flow
T3QU33,A-flow
T3QU40,A-flow
T3QU50,A-flow
T3QU60,A-flow
T3QU63,A-flow
T3QU70,A-flow
T3QU80,A-flow
T3QU83,A-flow
T3QU90,A-flow
T3QU93,A-flow
T3QY70,A-flow
T3QZ70,A-flow
T3RS10,A-flow
T3RS13,A-flow
T3RS33,A-flow
T3RS50,A-flow
T3RS60,A-flow
T3RS93,A-flow
T3RT10,A-flow
T3RT13,A-flow
T3RT33,A-flow
T3RT50,A-flow
T3RT60,A-flow
T3RT93,A-flow
T3S108,A-flow
T3S130,A-flow
T3S133,A-flow
T3S140,A-flow
T3S143,A-flow
T3S150,A-flow
T3S160,A-flow
T3S163,A-flow
T3S170,A-flow
T3S180,A-flow
T3S183,A-flow
T3S190,A-flow
T3S193,A-flow
T3S608,A-flow
T3S610,A-flow
T3S613,A-flow
T3S630,A-flow
T3S633,A-flow
T3S640,A-flow
T3S643,A-flow
T3S650,A-flow
T3S660,A-flow
T3S663,A-flow
T3S670,A-flow
T3S680,A-flow
T3S683,A-flow
T3S690,A-flow
T3S693,A-flow
T3SZ00,A-flow
T40208,A-flow
T40230,A-flow
T40270,A-flow
T499NA,A-flow
T4LM83,A-flow
T4NK08,A-flow
T4NK10,A-flow
T4NK13,A-flow
T4NK30,A-flow
T4NK40,A-flow
T4NK43,A-flow
T4NK50,A-flow
T4NK53,A-flow
T4NK60,A-flow
T4NK63,A-flow
T4NK70,A-flow
T4NK80,A-flow
T4NK83,A-flow
T4NK93,A-flow
T4NL08,A-flow
T4NL30,A-flow
T4NL40,A-flow
T4NL43,A-flow
T4NL50,A-flow
T4NL53,A-flow
T4NL60,A-flow
T4NL63,A-flow
T4NL70,A-flow
T4NL83,A-flow
T4NL93,A-flow
T4NM08,A-flow
T4NM30,A-flow
T4NM40,A-flow
T4NM43,A-flow
T4NM50,A-flow
T4NM53,A-flow
T4NM60,A-flow
T4NM63,A-flow
T4NM70,A-flow
T4NM83,A-flow
T4NM93,A-flow
T4NN08,A-flow
T4NN10,A-flow
T4NN13,A-flow
T4NN30,A-flow
T4NN40,A-flow
T4NN43,A-flow
T4NN50,A-flow
T4NN53,A-flow
T4NN60,A-flow
T4NN63,A-flow
T4NN70,A-flow
T4NN83,A-flow
T4NN93,A-flow
T4NO08,A-flow
T4NO10,A-flow
T4NO13,A-flow
T4NO30,A-flow
T4NO40,A-flow
T4NO43,A-flow
T4NO50,A-flow
T4NO53,A-flow
T4NO60,A-flow
T4NO63,A-flow
T4NO70,A-flow
T4NO80,A-flow
T4NO83,A-flow
T4NO93,A-flow
T4NP08,A-flow
T4NP10,A-flow
T4NP13,A-flow
T4NP30,A-flow
T4NP40,A-flow
T4NP43,A-flow
T4NP50,A-flow
T4NP53,A-flow
T4NP60,A-flow
T4NP63,A-flow
T4NP70,A-flow
T4NP80,A-flow
T4NP83,A-flow
T4NP93,A-flow
T4NR08,A-flow
T4NR10,A-flow
T4NR13,A-flow
T4NR30,A-flow
T4NR40,A-flow
T4NR43,A-flow
T4NR50,A-flow
T4NR53,A-flow
T4NR60,A-flow
T4NR63,A-flow
T4NR70,A-flow
T4NR83,A-flow
T4NR93,A-flow
T4P140,A-flow
T4P150,A-flow
T4P153,A-flow
T4P160,A-flow
T4P163,A-flow
T4P170,A-flow
T4P180,A-flow
T4P183,A-flow
T4P193,A-flow
T4P240,A-flow
T4P250,A-flow
T4P253,A-flow
T4P260,A-flow
T4P263,A-flow
T4P270,A-flow
T4P280,A-flow
T4P283,A-flow
T4P293,A-flow
T4P340,A-flow
T4P350,A-flow
T4P353,A-flow
T4P360,A-flow
T4P363,A-flow
T4P370,A-flow
T4P380,A-flow
T4P383,A-flow
T4P393,A-flow
T4P440,A-flow
T4P450,A-flow
T4P453,A-flow
T4P460,A-flow
T4P463,A-flow
T4P470,A-flow
T4P480,A-flow
T4P483,A-flow
T4P493,A-flow
T4Q008,A-flow
T4Q013,A-flow
T4Q030,A-flow
T4Q040,A-flow
T4Q043,A-flow
T4Q050,A-flow
T4Q053,A-flow
T4Q060,A-flow
T4Q063,A-flow
T4Q070,A-flow
T4Q080,A-flow
T4Q083,A-flow
T4Q093,A-flow
T4Q108,A-flow
T4Q113,A-flow
T4Q130,A-flow
T4Q140,A-flow
T4Q143,A-flow
T4Q150,A-flow
T4Q153,A-flow
T4Q160,A-flow
T4Q163,A-flow
T4Q170,A-flow
T4Q180,A-flow
T4Q183,A-flow
T4Q193,A-flow
T4Q208,A-flow
T4Q213,A-flow
T4Q230,A-flow
T4Q240,A-flow
T4Q243,A-flow
T4Q250,A-flow
T4Q253,A-flow
T4Q260,A-flow
T4Q263,A-flow
T4Q270,A-flow
T4Q280,A-flow
T4Q283,A-flow
T4Q293,A-flow
T4Q408,A-flow
T4Q413,A-flow
T4Q430,A-flow
T4Q440,A-flow
T4Q443,A-flow
T4Q450,A-flow
T4Q453,A-flow
T4Q460,A-flow
T4Q463,A-flow
T4Q470,A-flow
T4Q480,A-flow
T4Q483,A-flow
T4Q493,A-flow
T4Q508,A-flow
T4Q530,A-flow
T4Q540,A-flow
T4Q543,A-flow
T4Q550,A-flow
T4Q553,A-flow
T4Q560,A-flow
T4Q563,A-flow
T4Q570,A-flow
T4Q580,A-flow
T4Q583,A-flow
T4Q593,A-flow
T4Q608,A-flow
T4Q613,A-flow
T4Q630,A-flow
T4Q640,A-flow
T4Q643,A-flow
T4Q650,A-flow
T4Q653,A-flow
T4Q660,A-flow
T4Q663,A-flow
T4Q670,A-flow
T4Q680,A-flow
T4Q683,A-flow
T4Q693,A-flow
T4Q740,A-flow
T4Q743,A-flow
T4Q750,A-flow
T4Q753,A-flow
T4Q760,A-flow
T4Q770,A-flow
T4Q793,A-flow
T4Q808,A-flow
T4Q813,A-flow
T4Q830,A-flow
T4Q840,A-flow
T4Q843,A-flow
T4Q850,A-flow
T4Q853,A-flow
T4Q860,A-flow
T4Q863,A-flow
T4Q870,A-flow
T4Q880,A-flow
T4Q883,A-flow
T4Q893,A-flow
T4QF43,A-flow
T4QF60,A-flow
T4QF83,A-flow
T4QJ08,A-flow
T4QJ10,A-flow
T4QJ13,A-flow
T4QJ30,A-flow
T4QJ40,A-flow
T4QJ43,A-flow
T4QJ50,A-flow
T4QJ53,A-flow
T4QJ60,A-flow
T4QJ63,A-flow
T4QJ70,A-flow
T4QJ80,A-flow
T4QJ83,A-flow
T4QJ93,A-flow
T4QK08,A-flow
T4QK13,A-flow
T4QK30,A-flow
T4QK40,A-flow
T4QK43,A-flow
T4QK50,A-flow
T4QK53,A-flow
T4QK60,A-flow
T4QK63,A-flow
T4QK70,A-flow
T4QK83,A-flow
T4QK93,A-flow
T4QL08,A-flow
T4QL13,A-flow
T4QL30,A-flow
T4QL40,A-flow
T4QL43,A-flow
T4QL50,A-flow
T4QL53,A-flow
T4QL60,A-flow
T4QL63,A-flow
T4QL70,A-flow
T4QL83,A-flow
T4QL93,A-flow
T4QM08,A-flow
T4QM13,A-flow
T4QM30,A-flow
T4QM40,A-flow
T4QM43,A-flow
T4QM50,A-flow
T4QM53,A-flow
T4QM60,A-flow
T4QM63,A-flow
T4QM70,A-flow
T4QM83,A-flow
T4QM93,A-flow
T4QO08,A-flow
T4QO13,A-flow
T4QO30,A-flow
T4QO40,A-flow
T4QO43,A-flow
T4QO50,A-flow
T4QO53,A-flow
T4QO60,A-flow
T4QO63,A-flow
T4QO70,A-flow
T4QO83,A-flow
T4QO93,A-flow
T4QQ70,A-flow
T4QU08,A-flow
T4QU13,A-flow
T4QU30,A-flow
T4QU40,A-flow
T4QU43,A-flow
T4QU50,A-flow
T4QU53,A-flow
T4QU60,A-flow
T4QU63,A-flow
T4QU70,A-flow
T4QU80,A-flow
T4QU83,A-flow
T4QU93,A-flow
T4QY70,A-flow
T4QZ70,A-flow
T4RS10,A-flow
T4RS13,A-flow
T4RS50,A-flow
T4RS60,A-flow
T4RS63,A-flow
T4RS93,A-flow
T4RT10,A-flow
T4RT13,A-flow
T4RT50,A-flow
T4RT60,A-flow
T4RT63,A-flow
T4S108,A-flow
T4S130,A-flow
T4S140,A-flow
T4S143,A-flow
T4S150,A-flow
T4S153,A-flow
T4S160,A-flow
T4S163,A-flow
T4S170,A-flow
T4S183,A-flow
T4S193,A-flow
T4S608,A-flow
T4S610,A-flow
T4S613,A-flow
T4S630,A-flow
T4S640,A-flow
T4S643,A-flow
T4S650,A-flow
T4S653,A-flow
T4S660,A-flow
T4S663,A-flow
T4S670,A-flow
T4S680,A-flow
T4S683,A-flow
T4S693,A-flow
T4SZ00,A-flow
T50208,A-flow
T50230,A-flow
T50270,A-flow
T599NA,A-flow
T5LM83,A-flow
T5NK08,A-flow
T5NK10,A-flow
T5NK13,A-flow
T5NK30,A-flow
T5NK40,A-flow
T5NK43,A-flow
T5NK50,A-flow
T5NK53,A-flow
T5NK60,A-flow
T5NK63,A-flow
T5NK70,A-flow
T5NK80,A-flow
T5NK83,A-flow
T5NK93,A-flow
T5NL08,A-flow
T5NL30,A-flow
T5NL40,A-flow
T5NL43,A-flow
T5NL50,A-flow
T5NL53,A-flow
T5NL60,A-flow
T5NL63,A-flow
T5NL70,A-flow
T5NL83,A-flow
T5NL93,A-flow
T5NM08,A-flow
T5NM30,A-flow
T5NM40,A-flow
T5NM43,A-flow
T5NM50,A-flow
T5NM53,A-flow
T5NM60,A-flow
T5NM63,A-flow
T5NM70,A-flow
T5NM83,A-flow
T5NM93,A-flow
T5NN08,A-flow
T5NN10,A-flow
T5NN13,A-flow
T5NN30,A-flow
T5NN40,A-flow
T5NN43,A-flow
T5NN50,A-flow
T5NN53,A-flow
T5NN60,A-flow
T5NN63,A-flow
T5NN70,A-flow
T5NN83,A-flow
T5NN93,A-flow
T5NO08,A-flow
T5NO10,A-flow
T5NO13,A-flow
T5NO30,A-flow
T5NO40,A-flow
T5NO43,A-flow
T5NO50,A-flow
T5NO53,A-flow
T5NO60,A-flow
T5NO63,A-flow
T5NO70,A-flow
T5NO80,A-flow
T5NO83,A-flow
T5NO93,A-flow
T5NP08,A-flow
T5NP10,A-flow
T5NP13,A-flow
T5NP30,A-flow
T5NP40,A-flow
T5NP43,A-flow
T5NP50,A-flow
T5NP53,A-flow
T5NP60,A-flow
T5NP63,A-flow
T5NP70,A-flow
T5NP80,A-flow
T5NP83,A-flow
T5NP93,A-flow
T5NR08,A-flow
T5NR10,A-flow
T5NR13,A-flow
T5NR30,A-flow
T5NR40,A-flow
T5NR43,A-flow
T5NR50,A-flow
T5NR53,A-flow
T5NR60,A-flow
T5NR63,A-flow
T5NR70,A-flow
T5NR83,A-flow
T5NR93,A-flow
T5P150,A-flow
T5P153,A-flow
T5P160,A-flow
T5P163,A-flow
T5P170,A-flow
T5P180,A-flow
T5P193,A-flow
T5P250,A-flow
T5P253,A-flow
T5P260,A-flow
T5P263,A-flow
T5P270,A-flow
T5P280,A-flow
T5P283,A-flow
T5P293,A-flow
T5P340,A-flow
T5P350,A-flow
T5P353,A-flow
T5P360,A-flow
T5P363,A-flow
T5P370,A-flow
T5P380,A-flow
T5P383,A-flow
T5P393,A-flow
T5P450,A-flow
T5P453,A-flow
T5P460,A-flow
T5P463,A-flow
T5P470,A-flow
T5P480,A-flow
T5P493,A-flow
T5Q008,A-flow
T5Q013,A-flow
T5Q030,A-flow
T5Q040,A-flow
T5Q043,A-flow
T5Q050,A-flow
T5Q053,A-flow
T5Q060,A-flow
T5Q063,A-flow
T5Q070,A-flow
T5Q080,A-flow
T5Q083,A-flow
T5Q093,A-flow
T5Q108,A-flow
T5Q113,A-flow
T5Q130,A-flow
T5Q140,A-flow
T5Q143,A-flow
T5Q150,A-flow
T5Q153,A-flow
T5Q160,A-flow
T5Q163,A-flow
T5Q170,A-flow
T5Q180,A-flow
T5Q183,A-flow
T5Q193,A-flow
T5Q208,A-flow
T5Q213,A-flow
T5Q230,A-flow
T5Q240,A-flow
T5Q243,A-flow
T5Q250,A-flow
T5Q253,A-flow
T5Q260,A-flow
T5Q263,A-flow
T5Q270,A-flow
T5Q280,A-flow
T5Q283,A-flow
T5Q293,A-flow
T5Q408,A-flow
T5Q413,A-flow
T5Q430,A-flow
T5Q440,A-flow
T5Q443,A-flow
T5Q450,A-flow
T5Q453,A-flow
T5Q460,A-flow
T5Q463,A-flow
T5Q470,A-flow
T5Q480,A-flow
T5Q483,A-flow
T5Q493,A-flow
T5Q508,A-flow
T5Q530,A-flow
T5Q540,A-flow
T5Q543,A-flow
T5Q550,A-flow
T5Q553,A-flow
T5Q560,A-flow
T5Q563,A-flow
T5Q570,A-flow
T5Q580,A-flow
T5Q583,A-flow
T5Q593,A-flow
T5Q608,A-flow
T5Q613,A-flow
T5Q630,A-flow
T5Q640,A-flow
T5Q643,A-flow
T5Q650,A-flow
T5Q653,A-flow
T5Q660,A-flow
T5Q663,A-flow
T5Q670,A-flow
T5Q680,A-flow
T5Q683,A-flow
T5Q693,A-flow
T5Q740,A-flow
T5Q743,A-flow
T5Q753,A-flow
T5Q760,A-flow
T5Q770,A-flow
T5Q793,A-flow
T5Q808,A-flow
T5Q813,A-flow
T5Q830,A-flow
T5Q840,A-flow
T5Q843,A-flow
T5Q850,A-flow
T5Q853,A-flow
T5Q860,A-flow
T5Q863,A-flow
T5Q870,A-flow
T5Q880,A-flow
T5Q883,A-flow
T5Q893,A-flow
T5QF43,A-flow
T5QF60,A-flow
T5QF83,A-flow
T5QJ08,A-flow
T5QJ10,A-flow
T5QJ13,A-flow
T5QJ30,A-flow
T5QJ40,A-flow
T5QJ43,A-flow
T5QJ50,A-flow
T5QJ53,A-flow
T5QJ60,A-flow
T5QJ63,A-flow
T5QJ70,A-flow
T5QJ80,A-flow
T5QJ83,A-flow
T5QJ93,A-flow
T5QK08,A-flow
T5QK13,A-flow
T5QK30,A-flow
T5QK40,A-flow
T5QK43,A-flow
T5QK50,A-flow
T5QK53,A-flow
T5QK60,A-flow
T5QK63,A-flow
T5QK70,A-flow
T5QK83,A-flow
T5QK93,A-flow
T5QL08,A-flow
T5QL13,A-flow
T5QL30,A-flow
T5QL40,A-flow
T5QL43,A-flow
T5QL50,A-flow
T5QL53,A-flow
T5QL60,A-flow
T5QL63,A-flow
T5QL70,A-flow
T5QL83,A-flow
T5QL93,A-flow
T5QM08,A-flow
T5QM13,A-flow
T5QM30,A-flow
T5QM40,A-flow
T5QM43,A-flow
T5QM50,A-flow
T5QM53,A-flow
T5QM60,A-flow
T5QM63,A-flow
T5QM70,A-flow
T5QM83,A-flow
T5QM93,A-flow
T5QO08,A-flow
T5QO13,A-flow
T5QO30,A-flow
T5QO40,A-flow
T5QO43,A-flow
T5QO50,A-flow
T5QO53,A-flow
T5QO60,A-flow
T5QO63,A-flow
T5QO70,A-flow
T5QO83,A-flow
T5QO93,A-flow
T5QQ70,A-flow
T5QU08,A-flow
T5QU13,A-flow
T5QU30,A-flow
T5QU40,A-flow
T5QU43,A-flow
T5QU50,A-flow
T5QU53,A-flow
T5QU60,A-flow
T5QU63,A-flow
T5QU70,A-flow
T5QU80,A-flow
T5QU83,A-flow
T5QU93,A-flow
T5QY70,A-flow
T5QZ70,A-flow
T5RS10,A-flow
T5RS13,A-flow
T5RS50,A-flow
T5RS60,A-flow
T5RS63,A-flow
T5RS93,A-flow
T5RT10,A-flow
T5RT13,A-flow
T5RT50,A-flow
T5RT60,A-flow
T5RT63,A-flow
T5S108,A-flow
T5S130,A-flow
T5S140,A-flow
T5S143,A-flow
T5S150,A-flow
T5S153,A-flow
T5S160,A-flow
T5S163,A-flow
T5S170,A-flow
T5S183,A-flow
T5S193,A-flow
T5S608,A-flow
T5S610,A-flow
T5S613,A-flow
T5S630,A-flow
T5S640,A-flow
T5S643,A-flow
T5S650,A-flow
T5S653,A-flow
T5S660,A-flow
T5S663,A-flow
T5S670,A-flow
T5S680,A-flow
T5S683,A-flow
T5S693,A-flow
T5SZ00,A-flow
TDSFTL,A-flow
TDTU0Z,A-flow
TEST01,A-flow
THABKK,A-flow
THACEN,A-flow
THAEXP,A-flow
THANOE,A-flow
THANOR,A-flow
THAOTH,A-flow
THASOU,A-flow
THCHB1,A-flow
THCHB2,A-flow
THCHB4,A-flow
THCHM1,A-flow
THCHM3,A-flow
THCHNB,A-flow
THKHKN,A-flow
THNKPM,A-flow
THNKRA,A-flow
THPKET,A-flow
THPRE4,A-flow
THRYNG,A-flow
THSMKN,A-flow
THSNKA,A-flow
THSRN1,A-flow
THUBRI,A-flow
THUDNI,A-flow
THWH13,A-flow
THYALA,A-flow
TH_V02,A-flow
TH_V03,A-flow
TH_V04,A-flow
TH_V05,A-flow
TH_V06,A-flow
TH_V07,A-flow
TH_V08,A-flow
TH_V09,A-flow
TH_V11,A-flow
TH_V12,A-flow
TH_V14,A-flow
TH_V15,A-flow
TH_V16,A-flow
TH_V17,A-flow
TH_V18,A-flow
TH_V20,A-flow
TH_V21,A-flow
TL0830,A-flow
TL1000,A-flow
TL1400,A-flow
TL1900,A-flow
TLAA00,A-flow
TLAD00,A-flow
TLAD01,A-flow
TLCPL2,A-flow
TLCPL4,A-flow
TLCPLT,A-flow
TLSDDL,A-flow
TLSGDO,A-flow
TNAC00,A-flow
TNAF0Z,A-flow
TNAF7Z,A-flow
TNFU00,A-flow
TNFU07,A-flow
TNFUX0,A-flow
TNFUX7,A-flow
TNGFDZ,A-flow
TNGLPZ,A-flow
TNGO0Z,A-flow
TNGO7Z,A-flow
TNGODZ,A-flow
TNGQ00,A-flow
TNLN0Z,A-flow
TNLO00,A-flow
TNLU00,A-flow
TNLU07,A-flow
TNLUX0,A-flow
TNLUX7,A-flow
TNT09A,A-flow
TNT10A,A-flow
TNT12P,A-flow
TNTADO,A-flow
TNTAIR,A-flow
TNTART,A-flow
TNTDOM,A-flow
TNTECO,A-flow
TNTGDO,A-flow
TNTGLB,A-flow
TNTIEX,A-flow
TNTISL,A-flow
TNTN0Z,A-flow
TNTNXD,A-flow
TNTNXF,A-flow
TNTRCT,A-flow
TNTRPL,A-flow
TNTRRT,A-flow
TNTSAM,A-flow
TNTSAT,A-flow
TNTSTC,A-flow
TNTTSF,A-flow
TNTXPS,A-flow
TOGFDZ,A-flow
TOGO0Z,A-flow
TOGODZ,A-flow
TOLLPO,A-flow
TOLLTS,A-flow
TOLNXF,A-flow
TOLOVN,A-flow
TOLPTY,A-flow
TPOLTL,A-flow
TR0117,A-flow
TRFTCH,A-flow
TRKSRC,A-flow
TROPIO,A-flow
TRPCAL,A-flow
TRQ617,A-flow
TRQ717,A-flow
TST058,A-flow
TTIFTL,A-flow
TTILTL,A-flow
TWDOMS,A-flow
TWEA2D,A-flow
TWLGST,A-flow
TWLOCL,A-flow
TWRETN,A-flow
TXGM0Z,A-flow
UCRDIR,A-flow
UCROVN,A-flow
UCRRET,A-flow
UCRSAT,A-flow
UCRSMD,A-flow
UFSINT,A-flow
UNICAR,A-flow
UPAB0B,A-flow
UPABLB,A-flow
UPAC0B,A-flow
UPACLB,A-flow
UPAD0B,A-flow
UPADLB,A-flow
UPAE0Z,A-flow
UPAF0B,A-flow
UPAF0Z,A-flow
UPAFIZ,A-flow
UPAFPZ,A-flow
UPAG0B,A-flow
UPAGIZ,A-flow
UPAKIY,A-flow
UPAKIZ,A-flow
UPAL0Z,A-flow
UPALIZ,A-flow
UPAO0Z,A-flow
UPAOIZ,A-flow
UPAP00,A-flow
UPAPX0,A-flow
UPAS0B,A-flow
UPASIZ,A-flow
UPASLB,A-flow
UPFD0Z,A-flow
UPFDXZ,A-flow
UPFJ0Z,A-flow
UPFJXZ,A-flow
UPFL00,A-flow
UPFL0Z,A-flow
UPFLX2,A-flow
UPFLXZ,A-flow
UPFN02,A-flow
UPFNX2,A-flow
UPFO0Z,A-flow
UPFOLZ,A-flow
UPFP00,A-flow
UPFPX0,A-flow
UPFU00,A-flow
UPFU02,A-flow
UPFU09,A-flow
UPFUC1,A-flow
UPFUC2,A-flow
UPFUC3,A-flow
UPFUX0,A-flow
UPFUX2,A-flow
UPGFDZ,A-flow
UPGO0Z,A-flow
UPGQ0B,A-flow
UPGYIY,A-flow
UPHO0Z,A-flow
UPLO00,A-flow
UPOU00,A-flow
UPOU0Z,A-flow
UPOUC1,A-flow
UPOUX0,A-flow
UPPO0Z,A-flow
UPS030,A-flow
UPS031,A-flow
UPS032,A-flow
UPS033,A-flow
UPS034,A-flow
UPS035,A-flow
UPS036,A-flow
UPS037,A-flow
UPS038,A-flow
UPS040,A-flow
UPS041,A-flow
UPS042,A-flow
UPSAIO,A-flow
UPSD34,A-flow
UPSE34,A-flow
UPSEFR,A-flow
UPSESV,A-flow
UPSFRT,A-flow
UPSGFR,A-flow
UPSL30,A-flow
UPSL31,A-flow
UPSL32,A-flow
UPSL33,A-flow
UPSL34,A-flow
UPSL35,A-flow
UPSL36,A-flow
UPSL38,A-flow
UPSL39,A-flow
UPSL40,A-flow
UPSLR1,A-flow
UPSLR2,A-flow
UPSLR3,A-flow
UPSLR4,A-flow
UPSLR5,A-flow
UPSLR6,A-flow
UPSLR7,A-flow
UPSP13,A-flow
UPSP35,A-flow
UPSP57,A-flow
UPSRT1,A-flow
UPSRT2,A-flow
UPSRT3,A-flow
UPSRT4,A-flow
UPSRT5,A-flow
UPSRT6,A-flow
UPSRT7,A-flow
UPSSCS,A-flow
UPSW01,A-flow
UPSW02,A-flow
UPSW03,A-flow
UPSW04,A-flow
UPSW05,A-flow
UPSW06,A-flow
UPSW07,A-flow
UPSW08,A-flow
UPTQ00,A-flow
UPTU0Z,A-flow
URUGDO,A-flow
URUGDR,A-flow
USAFR1,A-flow
USCSAF,A-flow
USFHOL,A-flow
USFLTL,A-flow
USFRED,A-flow
USGNRC,A-flow
USICO1,A-flow
USITR1,A-flow
USMAIL,A-flow
UTI05A,A-flow
UTIAIN,A-flow
UTIINO,A-flow
VALLEY,A-flow
VISTAG,A-flow
VNEXP,A-flow
VNGNRC,A-flow
WATFRT,A-flow
WCFA00,A-flow
WCINUF,A-flow
WERENT,A-flow
WERFTL,A-flow
WETQ00,A-flow
WETU0Z,A-flow
WHSTXT,A-flow
WILSON,A-flow
WWSHLN,A-flow
XPLU0Z,A-flow
XPOLOG,A-flow
XPSRTE,A-flow
XPTQ00,A-flow
XPTQ0Z,A-flow
XPTU0Z,A-flow
YELFRT,A-flow
YESSTD,A-flow
YESURG,A-flow
YRCREI,A-flow
YUSENA,A-flow
YUSENO,A-flow
ZFXMSD,A-flow
ZFXREP,A-flow
ZUPMSD,A-flow
ZUPREP,A-flow
ZZAU00,A-flow
ZZFU00,A-flow
ZZFUC1,A-flow
ZZFUL0,A-flow
ZZFUM0,A-flow
ZZFUS0,A-flow
ZZFUX0,A-flow
ZZLU00,A-flow
ZZLUC1,A-flow
ZZLUX0,A-flow
ZZOU00,A-flow
ZZOUC1,A-flow
ZZOUX0,A-flow
ZZTU00,A-flow
ZZTUX0,A-flow
ZZZO0Z,A-flow
KNLUC1,A-flow
NPOUC1,A-flow
BOFUC0,Y2-flow
BOOUC0,Y2-flow
CVFUC0,Y2-flow
CVLUC0,Y2-flow
CVOUC0,Y2-flow
DFLUC0,Y2-flow
DGFLC0,Y2-flow
DGFUC0,Y2-flow
DGOUC0,Y2-flow
DHFUC0,Y2-flow
DHLUC0,Y2-flow
DSLUC0,Y2-flow
EKLUC0,Y2-flow
FXFUC0,Y2-flow
KNFUC0,Y2-flow
KNLUC0,Y2-flow
KNOUC0,Y2-flow
MALUC0,Y2-flow
NPFUC0,Y2-flow
PULUC0,Y2-flow
UPFUC0,Y2-flow
UPOUC0,Y2-flow
ZZFUC0,Y2-flow
ZZLUC0,Y2-flow
ZZOUC0,Y2-flow
010001,B-flow
010003,B-flow
010005,B-flow
01P001,B-flow
030001,B-flow
03P001,B-flow
050001,B-flow
050003,B-flow
050005,B-flow
05P001,B-flow
070001,B-flow
07DG01,B-flow
07P001,B-flow
090001,B-flow
09P001,B-flow
10RB53,B-flow
10RC53,B-flow
12RS23,B-flow
13QF73,B-flow
13QI40,B-flow
13RQ40,B-flow
13RS40,B-flow
19QL70,B-flow
20Q160,B-flow
20Q460,B-flow
20Q743,B-flow
20Q760,B-flow
20Q850,B-flow
20Q860,B-flow
20QA70,B-flow
20QG10,B-flow
20QG90,B-flow
20QG93,B-flow
20QU70,B-flow
20RP53,B-flow
21QG03,B-flow
21QV13,B-flow
25KJ43,B-flow
25KO60,B-flow
25L260,B-flow
25L460,B-flow
33QS50,B-flow
44R600,B-flow
44R700,B-flow
ABCA00,B-flow
ABCM02,B-flow
ABCM04,B-flow
ABCM0D,B-flow
ABCM0T,B-flow
AEROMX,B-flow
AFLO0Y,B-flow
ALLJ0Y,B-flow
ALLU0Y,B-flow
ALTU0Y,B-flow
ANFJ0Y,B-flow
ANFK0Y,B-flow
ANFO0G,B-flow
ANFO0Q,B-flow
ANFO0U,B-flow
ANFO0Y,B-flow
APPDG1,B-flow
APPP01,B-flow
ARFO0G,B-flow
ARFO0Q,B-flow
ARFO0U,B-flow
ARFO0Y,B-flow
ASGB00,B-flow
ASGO00,B-flow
ASNEXP,B-flow
ASNLCL,B-flow
ATAA0Y,B-flow
ATAOFY,B-flow
ATAOZY,B-flow
ATAQFY,B-flow
ATAQZY,B-flow
ATGDFY,B-flow
ATGDZY,B-flow
ATGO00,B-flow
ATLQFY,B-flow
ATLQWY,B-flow
ATLQZY,B-flow
ATLUFY,B-flow
ATLUWY,B-flow
ATLUZY,B-flow
AXCM0Y,B-flow
BMAM0Y,B-flow
BMGD0Y,B-flow
BMGF0Y,B-flow
BMGG0Y,B-flow
BMGM0E,B-flow
BMGM0F,B-flow
BMGM0P,B-flow
BMGQ0Q,B-flow
BTGAAY,B-flow
BTGMUY,B-flow
BTGO0B,B-flow
BTGO1Y,B-flow
BTGO2Y,B-flow
BTGO3Y,B-flow
BTGZOY,B-flow
CAGQ00,B-flow
CALU0Y,B-flow
CANP01,B-flow
CANP02,B-flow
CANP03,B-flow
CANP04,B-flow
CANPDG,B-flow
CANPN1,B-flow
CAPP01,B-flow
CDADIY,B-flow
CDAFIY,B-flow
CDAOIY,B-flow
CGGD0Y,B-flow
CGGG0Y,B-flow
CGGJ0Y,B-flow
CGGO00,B-flow
CGGOP0,B-flow
CHEMCO,B-flow
CHLU0Y,B-flow
CHLZ0Y,B-flow
CHTU0Y,B-flow
CLLQ0Y,B-flow
COURIE,B-flow
CSTU0Y,B-flow
CTGQ0Y,B-flow
CTGU0Y,B-flow
CTTU0Y,B-flow
CVAAZY,B-flow
CVAL0Y,B-flow
CVAO0Y,B-flow
CVFA0Y,B-flow
CVFD0Y,B-flow
CVFI0Y,B-flow
CVFJ0Y,B-flow
CVFL0Y,B-flow
CVFM0Y,B-flow
CVFU0Y,B-flow
CVFZ0Y,B-flow
CVGF0Y,B-flow
CVGQ0Y,B-flow
CVLJ0Y,B-flow
CVLK0Y,B-flow
CVLN00,B-flow
CVLN0Y,B-flow
CVLO0Y,B-flow
CVLT0P,B-flow
CVLT0Y,B-flow
CVLU0Y,B-flow
CVOU0Y,B-flow
CVPO0Y,B-flow
CVTU0Y,B-flow
CWOU0Y,B-flow
CZGO00,B-flow
DB1400,B-flow
DB1900,B-flow
DBFU0Y,B-flow
DCAA4Y,B-flow
DCAM4Y,B-flow
DCAO4B,B-flow
DCAO4Y,B-flow
DCAZ4Y,B-flow
DCGA3Y,B-flow
DCGA5Y,B-flow
DCGA6Y,B-flow
DCGM3Y,B-flow
DCGM5Y,B-flow
DCGM6Y,B-flow
DCGO3B,B-flow
DCGO3Y,B-flow
DCGO5B,B-flow
DCGO5Y,B-flow
DCGO6B,B-flow
DCGO6Y,B-flow
DCGZ3Y,B-flow
DCGZ5Y,B-flow
DCGZ6Y,B-flow
DEP009,B-flow
DEP012,B-flow
DEPAIR,B-flow
DEPHOY,B-flow
DEPNAC,B-flow
DFGL00,B-flow
DFGLD0,B-flow
DFGO00,B-flow
DFGO01,B-flow
DFGOD0,B-flow
DGFA0Y,B-flow
DGFLZY,B-flow
DGFM0Y,B-flow
DGFU0Y,B-flow
DGGU0Y,B-flow
DGHKSG,B-flow
DGLU0Y,B-flow
DGOU0Y,B-flow
DHAAZY,B-flow
DHAB00,B-flow
DHAB06,B-flow
DHAB0Y,B-flow
DHAC0Y,B-flow
DHAD00,B-flow
DHAD01,B-flow
DHAD02,B-flow
DHAD06,B-flow
DHAD0Y,B-flow
DHAE02,B-flow
DHAF00,B-flow
DHAF01,B-flow
DHAF02,B-flow
DHAF05,B-flow
DHAF06,B-flow
DHAF0Y,B-flow
DHAFS0,B-flow
DHAFS1,B-flow
DHAK0Y,B-flow
DHAL0Y,B-flow
DHAO0G,B-flow
DHAO0Q,B-flow
DHAO0U,B-flow
DHAOIY,B-flow
DHAS00,B-flow
DHAS06,B-flow
DHAU0Y,B-flow
DHAV00,B-flow
DHAV06,B-flow
DHAV0Y,B-flow
DHCB00,B-flow
DHFL0Y,B-flow
DHFM0Y,B-flow
DHFO0G,B-flow
DHFO0Q,B-flow
DHFO0U,B-flow
DHFO0Y,B-flow
DHGA3Y,B-flow
DHGA5Y,B-flow
DHGA6Y,B-flow
DHGBD0,B-flow
DHGD0Y,B-flow
DHGDD0,B-flow
DHGE00,B-flow
DHGF00,B-flow
DHGF0Y,B-flow
DHGFD0,B-flow
DHGG0Y,B-flow
DHGL00,B-flow
DHGL06,B-flow
DHGLD0,B-flow
DHGO00,B-flow
DHGO05,B-flow
DHGO06,B-flow
DHGOD0,B-flow
DHGQ0G,B-flow
DHGQ0Q,B-flow
DHGQ0U,B-flow
DHGQ0Y,B-flow
DHGS00,B-flow
DHGSD0,B-flow
DHGVD0,B-flow
DHGZ3Y,B-flow
DHGZ5Y,B-flow
DHGZ6Y,B-flow
DHL007,B-flow
DHL010,B-flow
DHL012,B-flow
DHLF0Y,B-flow
DHLI0Y,B-flow
DHLJ0Y,B-flow
DHLK0Y,B-flow
DHLNXT,B-flow
DHLT0F,B-flow
DHLT0Y,B-flow
DHLU0W,B-flow
DHOU0Y,B-flow
DHPO0Y,B-flow
DHTF0Y,B-flow
DHTG0Y,B-flow
DHTJ0Y,B-flow
DHTK0Y,B-flow
DHTL0Y,B-flow
DHTT0F,B-flow
DHTT0Y,B-flow
DHTU0G,B-flow
DHTU0Q,B-flow
DHTU0U,B-flow
DKGO00,B-flow
DMGD0Y,B-flow
DMGM0E,B-flow
DOGO00,B-flow
DRLU0Y,B-flow
DRPSHP,B-flow
DSFL0Y,B-flow
DSFO0Y,B-flow
DSFU0Y,B-flow
DSOU0Y,B-flow
DSTN0Y,B-flow
DTGO00,B-flow
EKGD00,B-flow
EKGD01,B-flow
EKGD02,B-flow
EKGL00,B-flow
EKGM00,B-flow
EKGM01,B-flow
EPFA0Y,B-flow
EPFL0Y,B-flow
EPFO0Y,B-flow
EPFU0Y,B-flow
EST007,B-flow
EST011,B-flow
ESTNXT,B-flow
ESTU0Y,B-flow
ETLU0Y,B-flow
ETNSVC,B-flow
EXAO0Y,B-flow
EXFOXY,B-flow
EXGO00,B-flow
FAGQ0Y,B-flow
FCABIY,B-flow
FCACIY,B-flow
FCAD0Y,B-flow
FCADIY,B-flow
FCAG0Y,B-flow
FCAOIY,B-flow
FCASIY,B-flow
FCGQ0Y,B-flow
FCGQIY,B-flow
FCLU0Y,B-flow
FDX021,B-flow
FDX024,B-flow
FDX025,B-flow
FDXC01,B-flow
FDXC02,B-flow
FDXC03,B-flow
FDXC04,B-flow
FDXC05,B-flow
FDXC06,B-flow
FDXC09,B-flow
FDXCLT,B-flow
FDXCSO,B-flow
FDXDG1,B-flow
FDXDG2,B-flow
FDXFR3,B-flow
FDXFRT,B-flow
FDXGFR,B-flow
FDXLTL,B-flow
FDXWN2,B-flow
FDXWN3,B-flow
FIGO00,B-flow
FLTFMI,B-flow
FLTMSD,B-flow
FLTREP,B-flow
FXAAZY,B-flow
FXAB00,B-flow
FXAB0Y,B-flow
FXABIR,B-flow
FXABIS,B-flow
FXABIY,B-flow
FXABLY,B-flow
FXAC0Y,B-flow
FXACIR,B-flow
FXACIY,B-flow
FXACLY,B-flow
FXACZY,B-flow
FXAD00,B-flow
FXAD0Y,B-flow
FXADIY,B-flow
FXADLY,B-flow
FXADP0,B-flow
FXADS0,B-flow
FXAE0Y,B-flow
FXAF00,B-flow
FXAF05,B-flow
FXAF0Y,B-flow
FXAFIY,B-flow
FXAFLY,B-flow
FXAFP0,B-flow
FXAFS0,B-flow
FXAG0Y,B-flow
FXAGIY,B-flow
FXAGLY,B-flow
FXAK0Y,B-flow
FXAL0Y,B-flow
FXALIY,B-flow
FXALZY,B-flow
FXAO0Y,B-flow
FXAOIY,B-flow
FXAOLY,B-flow
FXAS00,B-flow
FXASIY,B-flow
FXASLY,B-flow
FXAUIY,B-flow
FXAV00,B-flow
FXAWIY,B-flow
FXFA0Y,B-flow
FXFC0Y,B-flow
FXFD0Y,B-flow
FXFF0Y,B-flow
FXFGD5,B-flow
FXFIIY,B-flow
FXFJ0Y,B-flow
FXFJIY,B-flow
FXFK0Y,B-flow
FXFKIY,B-flow
FXFL0Y,B-flow
FXFLZY,B-flow
FXFM0Y,B-flow
FXFO0Y,B-flow
FXFU0Y,B-flow
FXFUP2,B-flow
FXFUP3,B-flow
FXGB0Y,B-flow
FXGBD0,B-flow
FXGC0Y,B-flow
FXGDD0,B-flow
FXGDPD,B-flow
FXGE0Y,B-flow
FXGF0Y,B-flow
FXGFD0,B-flow
FXGFD5,B-flow
FXGFIY,B-flow
FXGFLY,B-flow
FXGFPD,B-flow
FXGJ0Y,B-flow
FXGL00,B-flow
FXGLP0,B-flow
FXGO00,B-flow
FXGOP0,B-flow
FXGQ0Y,B-flow
FXGQDY,B-flow
FXGQIC,B-flow
FXGQIY,B-flow
FXGQLY,B-flow
FXGQXY,B-flow
FXGSD0,B-flow
FXGVD0,B-flow
FXLQ0Y,B-flow
FXLT0Y,B-flow
FXLU0Y,B-flow
FXLZ0Y,B-flow
FXOU0Y,B-flow
FXTU0L,B-flow
FXTU0Y,B-flow
GMLQ00,B-flow
GNGD00,B-flow
GNGDDE,B-flow
GNGDPE,B-flow
GNGDRP,B-flow
GOGD00,B-flow
GOGD01,B-flow
GOGL00,B-flow
GOGO00,B-flow
GOGO01,B-flow
GOGOP0,B-flow
GOGOP1,B-flow
HGIQ0Y,B-flow
HKFO0Y,B-flow
ITGD0Y,B-flow
ITGM0E,B-flow
JBTU0Y,B-flow
JE1800,B-flow
JF1800,B-flow
JG1800,B-flow
KNAU0Y,B-flow
KNFL0Y,B-flow
KNFO0Y,B-flow
KNFORY,B-flow
KNFU0Y,B-flow
KNGQ0Y,B-flow
KNLU0Y,B-flow
KNOU0Y,B-flow
KNOU1Y,B-flow
KNOURY,B-flow
KNPO0Y,B-flow
KNTU0Y,B-flow
KSGO00,B-flow
KTFO0Y,B-flow
LJLU0Y,B-flow
LOC001,B-flow
LOC1HR,B-flow
LOC3HR,B-flow
LOCLTR,B-flow
MATU0Y,B-flow
MDGD0Y,B-flow
MDGM0Y,B-flow
MGFL0Y,B-flow
MGFO0Y,B-flow
MNGB00,B-flow
MNGD00,B-flow
MNGV00,B-flow
MTTQ0Y,B-flow
MTTU0Y,B-flow
MXTU0Y,B-flow
MXTULY,B-flow
NLGO00,B-flow
NOGO00,B-flow
NPFL0Y,B-flow
NPFO0Y,B-flow
NPOU0Y,B-flow
NVGBD0,B-flow
NVGDD0,B-flow
NVGFD0,B-flow
NVGFDZ,B-flow
NVGSD0,B-flow
NVGVD0,B-flow
ODLO0Y,B-flow
ODLT0Y,B-flow
ODLU0Y,B-flow
ODLULY,B-flow
PCK_UP,B-flow
PGLZ0Y,B-flow
PICKUP,B-flow
PIKSTD,B-flow
PIKURG,B-flow
PTFL0Y,B-flow
PUABIY,B-flow
PUACIY,B-flow
PUADIY,B-flow
PUAO00,B-flow
PUGD00,B-flow
PUGF00,B-flow
PUGO00,B-flow
PUGSIY,B-flow
PULUXY,B-flow
PURC01,B-flow
PURC02,B-flow
PURC03,B-flow
PURC04,B-flow
PURC05,B-flow
PURDG1,B-flow
PURWN3,B-flow
QELU00,B-flow
QELU0Y,B-flow
QUADEX,B-flow
ROTU0Y,B-flow
ROUTNY,B-flow
RTAO0Y,B-flow
RTGQ0Y,B-flow
RTIU0Y,B-flow
RTLU0Y,B-flow
RTTU0Y,B-flow
SALU0Y,B-flow
SCGD0Y,B-flow
SCGF0Y,B-flow
SCGG0Y,B-flow
SCGM0P,B-flow
SDTQ0Y,B-flow
SDTU0Y,B-flow
SEGO00,B-flow
SFTU0Y,B-flow
SGAD00,B-flow
SGAF00,B-flow
SLOU0Y,B-flow
SMOU0Y,B-flow
SRVHOY,B-flow
SRVNAC,B-flow
STNDRD,B-flow
STROAD,B-flow
SWGO00,B-flow
SYAA00,B-flow
SYAT00,B-flow
SYAX00,B-flow
SYGO00,B-flow
SYGT00,B-flow
T1LF50,B-flow
T1LF70,B-flow
T1LM50,B-flow
T1LM70,B-flow
T2LF50,B-flow
T2LF70,B-flow
T2LM50,B-flow
T2LM70,B-flow
T3LF50,B-flow
T3LF70,B-flow
T3LM50,B-flow
T3LM70,B-flow
T4LF50,B-flow
T4LF70,B-flow
T4LM50,B-flow
T4LM70,B-flow
T4QF40,B-flow
T4QF50,B-flow
T4QF53,B-flow
T4QF63,B-flow
T4QF70,B-flow
T4QF93,B-flow
T5LF50,B-flow
T5LF70,B-flow
T5LM50,B-flow
T5LM70,B-flow
T5QF40,B-flow
T5QF50,B-flow
T5QF53,B-flow
T5QF63,B-flow
T5QF70,B-flow
T5QF93,B-flow
TDTU0Y,B-flow
TGAT00,B-flow
TGAX00,B-flow
TGGO00,B-flow
TGGT00,B-flow
THPATH,B-flow
THPNLK,B-flow
TMDEXP,B-flow
TNAB00,B-flow
TNAB01,B-flow
TNAB07,B-flow
TNAD00,B-flow
TNAD07,B-flow
TNAD0D,B-flow
TNAF00,B-flow
TNAF05,B-flow
TNAF07,B-flow
TNAF08,B-flow
TNAFS0,B-flow
TNAV00,B-flow
TNAV01,B-flow
TNAV07,B-flow
TNCB00,B-flow
TNCB07,B-flow
TNGB00,B-flow
TNGBD0,B-flow
TNGBD1,B-flow
TNGBD2,B-flow
TNGBD7,B-flow
TNGBS0,B-flow
TNGBS8,B-flow
TNGD00,B-flow
TNGD0Y,B-flow
TNGDD0,B-flow
TNGDD1,B-flow
TNGDD2,B-flow
TNGDD3,B-flow
TNGDD4,B-flow
TNGDD5,B-flow
TNGDD6,B-flow
TNGDD7,B-flow
TNGDD8,B-flow
TNGDD9,B-flow
TNGDP0,B-flow
TNGDS0,B-flow
TNGF00,B-flow
TNGFD0,B-flow
TNGFD1,B-flow
TNGFD2,B-flow
TNGFD3,B-flow
TNGFD4,B-flow
TNGFD5,B-flow
TNGFD7,B-flow
TNGFD8,B-flow
TNGFD9,B-flow
TNGFS2,B-flow
TNGG0Y,B-flow
TNGJ0Y,B-flow
TNGL00,B-flow
TNGL07,B-flow
TNGLD0,B-flow
TNGLP0,B-flow
TNGM00,B-flow
TNGM01,B-flow
TNGM02,B-flow
TNGO00,B-flow
TNGO07,B-flow
TNGOD0,B-flow
TNGOP0,B-flow
TNGS00,B-flow
TNGSD0,B-flow
TNGV00,B-flow
TNGVD0,B-flow
TNGVD1,B-flow
TNGVD2,B-flow
TNGVD7,B-flow
TNGVS0,B-flow
TNLN0Y,B-flow
TNTN0Y,B-flow
TOGBD0,B-flow
TOGBD1,B-flow
TOGDD0,B-flow
TOGFD0,B-flow
TOGL00,B-flow
TOGL01,B-flow
TOGLD0,B-flow
TOGO00,B-flow
TOGO01,B-flow
TOGOD0,B-flow
TOGSD0,B-flow
TOGVD0,B-flow
TTTU0Y,B-flow
TWH121,B-flow
TWH122,B-flow
TWH123,B-flow
TWH124,B-flow
TWH125,B-flow
TWH126,B-flow
TWH130,B-flow
TWH201,B-flow
TWH202,B-flow
TWH203,B-flow
TWH204,B-flow
TWH205,B-flow
TWH206,B-flow
TWH207,B-flow
TWH208,B-flow
TWH211,B-flow
TWH213,B-flow
TWH215,B-flow
TWH216,B-flow
TWH217,B-flow
TWH218,B-flow
TWH219,B-flow
TWH310,B-flow
TWH311,B-flow
TWH312,B-flow
TWH313,B-flow
TWH314,B-flow
TWH315,B-flow
TWH316,B-flow
TWH540,B-flow
TWH811,B-flow
TWH812,B-flow
TWH813,B-flow
TWH814,B-flow
TWH815,B-flow
TWH816,B-flow
TWH817,B-flow
TWH818,B-flow
TWH819,B-flow
TWH999,B-flow
TXGM00,B-flow
TXGM03,B-flow
UPAAZY,B-flow
UPAB00,B-flow
UPAB01,B-flow
UPAB02,B-flow
UPAB03,B-flow
UPAB04,B-flow
UPAB05,B-flow
UPABIS,B-flow
UPABIY,B-flow
UPABLS,B-flow
UPABLY,B-flow
UPAC0Y,B-flow
UPACIY,B-flow
UPACLY,B-flow
UPACZY,B-flow
UPAD00,B-flow
UPAD01,B-flow
UPAD02,B-flow
UPAD03,B-flow
UPAD04,B-flow
UPAD05,B-flow
UPAD0Y,B-flow
UPADIY,B-flow
UPADLY,B-flow
UPADP0,B-flow
UPADS0,B-flow
UPAE0Y,B-flow
UPAEIY,B-flow
UPAELY,B-flow
UPAF00,B-flow
UPAF01,B-flow
UPAF02,B-flow
UPAF03,B-flow
UPAF04,B-flow
UPAF05,B-flow
UPAF0Y,B-flow
UPAFIY,B-flow
UPAFLY,B-flow
UPAFP0,B-flow
UPAFS0,B-flow
UPAFS5,B-flow
UPAG0Y,B-flow
UPAGIY,B-flow
UPAGLY,B-flow
UPAL0Y,B-flow
UPALIY,B-flow
UPAO0Y,B-flow
UPAOIY,B-flow
UPAOZY,B-flow
UPAS00,B-flow
UPAS01,B-flow
UPAS03,B-flow
UPAS04,B-flow
UPASIY,B-flow
UPASLY,B-flow
UPAV00,B-flow
UPAV02,B-flow
UPAV03,B-flow
UPAV04,B-flow
UPAV05,B-flow
UPFL0Y,B-flow
UPFO0Y,B-flow
UPFU0Y,B-flow
UPGBD0,B-flow
UPGDD0,B-flow
UPGF00,B-flow
UPGFD0,B-flow
UPGFD5,B-flow
UPGFIY,B-flow
UPGFLY,B-flow
UPGL00,B-flow
UPGLS0,B-flow
UPGO00,B-flow
UPGO01,B-flow
UPGO05,B-flow
UPGOP0,B-flow
UPGOS0,B-flow
UPGQ0Y,B-flow
UPGQDY,B-flow
UPGQIC,B-flow
UPGQIY,B-flow
UPGQLY,B-flow
UPGS00,B-flow
UPGVD0,B-flow
UPGXIY,B-flow
UPLU0Y,B-flow
UPOU0Y,B-flow
UPPO0Y,B-flow
UPS039,B-flow
UPSC01,B-flow
UPSC02,B-flow
UPSC03,B-flow
UPSC04,B-flow
UPSC05,B-flow
UPTU0Y,B-flow
URGMZF,B-flow
VAGM00,B-flow
VAGM01,B-flow
VEAA4Y,B-flow
VEAM4Y,B-flow
VEAO4B,B-flow
VEAO4Y,B-flow
VEAZ4Y,B-flow
VEGA3Y,B-flow
VEGA5Y,B-flow
VEGA6Y,B-flow
VEGM3Y,B-flow
VEGM5Y,B-flow
VEGM6Y,B-flow
VEGO3B,B-flow
VEGO3Y,B-flow
VEGO5B,B-flow
VEGO5Y,B-flow
VEGO6B,B-flow
VEGO6Y,B-flow
VEGZ3Y,B-flow
VEGZ5Y,B-flow
VEGZ6Y,B-flow
VSFO0Y,B-flow
WETU0Y,B-flow
XPLU0Y,B-flow
XPTQ0Y,B-flow
XPTU0Y,B-flow
YUFO0Y,B-flow
YUGB00,B-flow
YUGD00,B-flow
YUGV00,B-flow
ZZ00X0,B-flow
ZZAU0Y,B-flow
ZZFL00,B-flow
ZZFO00,B-flow
ZZFU0Y,B-flow
ZZZ000,B-flow
ZZZO0Y,B-flow
KNFUDX,A-flow
FXAF0Z,B-flow
FXGFDZ,B-flow
FXGO0Z,B-flow
FXGFPZ,B-flow